Player,Pos,Age,Tm,G,GS,MP,FG,FGA,FG%,3P,3PA,3P%,2P,2PA,2P%,eFG%,FT,FTA,FT%,ORB,DRB,TRB,AST,STL,BLK,TOV,PF,PTS
PRECIOUS ACHIUWA,C,23.0,TOR,55.0,12.0,20.7,3.6,7.3,0.485,0.5,2.0,0.269,3.0,5.4,0.564,0.521,1.6,2.3,0.702,1.8,4.1,6.0,0.9,0.6,0.5,1.1,1.9,9.2
STEVEN ADAMS,C,29.0,MEM,42.0,42.0,27.0,3.7,6.3,0.597,0.0,0.0,0.0,3.7,6.2,0.599,0.597,1.1,3.1,0.364,5.1,6.5,11.5,2.3,0.9,1.1,1.9,2.3,8.6
BAM ADEBAYO,C,25.0,MIA,75.0,75.0,34.6,8.0,14.9,0.54,0.0,0.2,0.083,8.0,14.7,0.545,0.541,4.3,5.4,0.806,2.5,6.7,9.2,3.2,1.2,0.8,2.5,2.8,20.4
OCHAI AGBAJI,SG,22.0,UTA,59.0,22.0,20.5,2.8,6.5,0.427,1.4,3.9,0.355,1.4,2.7,0.532,0.532,0.9,1.2,0.812,0.7,1.3,2.1,1.1,0.3,0.3,0.7,1.7,7.9
SANTI ALDAMA,PF,22.0,MEM,77.0,20.0,21.8,3.2,6.8,0.47,1.2,3.5,0.353,2.0,3.4,0.591,0.56,1.4,1.9,0.75,1.1,3.7,4.8,1.3,0.6,0.6,0.8,1.9,9.0
NICKEIL ALEXANDER-WALKER,SG,24.0,TOT,59.0,3.0,15.0,2.2,5.0,0.444,1.0,2.7,0.384,1.2,2.3,0.515,0.547,0.7,1.0,0.667,0.3,1.5,1.7,1.8,0.5,0.4,0.9,1.5,6.2
NICKEIL ALEXANDER-WALKER,SG,24.0,UTA,36.0,3.0,14.7,2.3,4.7,0.488,1.0,2.4,0.402,1.3,2.3,0.578,0.591,0.8,1.1,0.692,0.2,1.4,1.6,2.1,0.7,0.4,1.3,1.6,6.3
NICKEIL ALEXANDER-WALKER,SG,24.0,MIN,23.0,0.0,15.5,2.1,5.4,0.384,1.1,3.1,0.361,1.0,2.3,0.415,0.488,0.6,0.9,0.619,0.3,1.5,1.8,1.4,0.3,0.3,0.4,1.3,5.9
GRAYSON ALLEN,SG,27.0,MIL,72.0,70.0,27.4,3.4,7.7,0.44,2.0,5.1,0.399,1.4,2.7,0.518,0.571,1.6,1.8,0.905,0.8,2.4,3.3,2.3,0.9,0.2,1.0,1.6,10.4
JARRETT ALLEN,C,24.0,CLE,68.0,68.0,32.6,5.9,9.2,0.644,0.0,0.1,0.1,5.9,9.1,0.653,0.645,2.4,3.3,0.733,3.3,6.5,9.8,1.7,0.8,1.2,1.4,2.3,14.3
JOSE ALVARADO,PG,24.0,NOP,61.0,10.0,21.5,3.3,8.0,0.411,1.4,4.0,0.336,1.9,4.0,0.488,0.496,1.1,1.3,0.813,0.5,1.9,2.3,3.0,1.1,0.2,1.3,2.0,9.0
KYLE ANDERSON,PF,29.0,MIN,69.0,46.0,28.4,3.7,7.2,0.509,0.6,1.5,0.41,3.0,5.7,0.536,0.553,1.4,2.0,0.735,1.0,4.4,5.3,4.9,1.1,0.9,1.5,2.1,9.4
GIANNIS ANTETOKOUNMPO,PF,28.0,MIL,63.0,63.0,32.1,11.2,20.3,0.553,0.7,2.7,0.275,10.5,17.6,0.596,0.572,7.9,12.3,0.645,2.2,9.6,11.8,5.7,0.8,0.8,3.9,3.1,31.1
THANASIS ANTETOKOUNMPO,PF,30.0,MIL,37.0,0.0,5.6,0.5,1.2,0.435,0.0,0.2,0.0,0.5,1.0,0.526,0.435,0.3,0.6,0.5,0.4,0.8,1.2,0.4,0.1,0.1,0.3,0.6,1.4
COLE ANTHONY,PG,22.0,ORL,60.0,4.0,25.9,4.6,10.2,0.454,1.3,3.4,0.364,3.4,6.7,0.5,0.516,2.5,2.8,0.894,0.8,4.0,4.8,3.9,0.6,0.5,1.5,2.6,13.0
OG ANUNOBY,SF,25.0,TOR,67.0,67.0,35.6,6.3,13.2,0.476,2.1,5.5,0.387,4.2,7.7,0.539,0.556,2.1,2.5,0.838,1.4,3.5,5.0,2.0,1.9,0.7,2.0,3.0,16.8
RYAN ARCIDIACONO,PG,28.0,TOT,20.0,4.0,8.6,0.5,1.9,0.243,0.4,1.2,0.348,0.1,0.7,0.071,0.351,0.0,0.0,0.0,0.0,0.8,0.8,1.2,0.3,0.0,0.4,0.9,1.3
RYAN ARCIDIACONO,PG,28.0,NYK,11.0,0.0,2.4,0.1,0.5,0.2,0.1,0.3,0.333,0.0,0.2,0.0,0.3,0.0,0.0,0.0,0.0,0.4,0.4,0.2,0.2,0.0,0.1,0.3,0.3
RYAN ARCIDIACONO,PG,28.0,POR,9.0,4.0,16.2,0.9,3.6,0.25,0.8,2.2,0.35,0.1,1.3,0.083,0.359,0.0,0.0,0.0,0.0,1.2,1.2,2.3,0.3,0.0,0.7,1.6,2.6
DENI AVDIJA,SF,22.0,WAS,76.0,40.0,26.6,3.3,7.6,0.437,0.9,3.1,0.297,2.4,4.6,0.53,0.497,1.6,2.2,0.739,1.0,5.4,6.4,2.8,0.9,0.4,1.6,2.8,9.2
DEANDRE AYTON,C,24.0,PHO,67.0,67.0,30.4,7.8,13.2,0.589,0.1,0.4,0.292,7.7,12.9,0.597,0.592,2.3,3.0,0.76,2.6,7.4,10.0,1.7,0.6,0.8,1.8,2.8,18.0
UDOKA AZUBUIKE,C,23.0,UTA,36.0,4.0,10.0,1.6,2.0,0.819,0.0,0.0,0.0,1.6,2.0,0.819,0.819,0.2,0.6,0.35,0.9,2.4,3.3,0.3,0.2,0.4,0.5,0.9,3.5
MARVIN BAGLEY III,C,23.0,DET,42.0,25.0,23.6,4.8,9.1,0.529,0.5,1.6,0.288,4.4,7.5,0.579,0.554,1.9,2.6,0.75,2.2,4.2,6.4,0.9,0.5,0.7,1.1,1.9,12.0
PATRICK BALDWIN JR.,SF,20.0,GSW,31.0,0.0,7.3,1.4,3.5,0.394,1.0,2.7,0.381,0.4,0.8,0.44,0.541,0.1,0.2,0.667,0.0,1.3,1.3,0.4,0.2,0.1,0.4,0.5,3.9
,0,0.0,0,0.0,0.0,0.0,0.0,0.0,0.0,0.0,0.0,0.0,0.0,0.0,0.0,0.0,0.0,0.0,0.0,0.0,0.0,0.0,0.0,0.0,0.0,0.0,0.0,0.0
LAMELO BALL,PG,21.0,CHO,36.0,36.0,35.2,8.2,20.0,0.411,4.0,10.6,0.376,4.2,9.4,0.45,0.51,2.8,3.4,0.836,1.2,5.3,6.4,8.4,1.3,0.3,3.6,3.3,23.3
MO BAMBA,C,24.0,TOT,49.0,7.0,15.7,2.4,4.9,0.485,1.0,2.5,0.387,1.4,2.4,0.59,0.585,0.8,1.3,0.661,1.2,3.4,4.6,0.9,0.3,0.9,0.6,2.1,6.6
MO BAMBA,C,24.0,ORL,40.0,6.0,17.0,2.7,5.4,0.495,1.1,2.7,0.398,1.6,2.7,0.594,0.596,0.9,1.3,0.686,1.2,3.4,4.6,1.1,0.3,1.0,0.6,2.2,7.3
MO BAMBA,C,24.0,LAL,9.0,1.0,9.8,1.2,3.0,0.407,0.6,1.8,0.313,0.7,1.2,0.545,0.5,0.7,1.2,0.545,1.2,3.3,4.6,0.4,0.1,0.6,0.9,2.1,3.7
PAOLO BANCHERO,PF,20.0,ORL,72.0,72.0,33.8,6.7,15.6,0.427,1.2,4.0,0.298,5.5,11.6,0.471,0.465,5.5,7.4,0.738,1.2,5.7,6.9,3.7,0.8,0.5,2.8,2.2,20.0
DESMOND BANE,SG,24.0,MEM,58.0,58.0,31.7,7.8,16.2,0.479,2.9,7.0,0.408,4.9,9.2,0.534,0.568,3.1,3.5,0.883,0.7,4.3,5.0,4.4,1.0,0.4,2.2,2.6,21.5
DALANO BANTON,PG,23.0,TOR,31.0,2.0,9.0,1.8,4.2,0.423,0.5,1.6,0.294,1.3,2.5,0.506,0.481,0.5,0.8,0.708,0.4,1.1,1.5,1.2,0.4,0.4,0.6,1.1,4.6
DOMINICK BARLOW,PF,19.0,SAS,28.0,0.0,14.6,1.6,3.1,0.535,0.0,0.1,0.0,1.6,2.9,0.561,0.535,0.6,0.9,0.72,1.6,2.0,3.6,0.9,0.4,0.7,0.5,2.0,3.9
HARRISON BARNES,PF,30.0,SAC,82.0,82.0,32.5,4.6,9.6,0.473,1.6,4.3,0.374,3.0,5.3,0.553,0.556,4.3,5.0,0.847,1.1,3.4,4.5,1.6,0.7,0.1,1.0,1.3,15.0
SCOTTIE BARNES,SF,21.0,TOR,77.0,76.0,34.8,6.0,13.2,0.456,0.8,2.9,0.281,5.2,10.3,0.505,0.487,2.5,3.2,0.772,2.3,4.3,6.6,4.8,1.1,0.8,2.0,2.2,15.3
RJ BARRETT,SG,22.0,NYK,73.0,73.0,33.9,7.0,16.1,0.434,1.7,5.3,0.31,5.3,10.8,0.495,0.485,4.0,5.4,0.74,0.8,4.2,5.0,2.8,0.4,0.2,2.2,2.5,19.6
WILL BARTON,SG,32.0,TOT,56.0,2.0,17.7,2.5,6.5,0.379,1.2,3.2,0.367,1.3,3.3,0.391,0.47,0.7,0.8,0.787,0.3,2.2,2.4,2.0,0.5,0.2,0.9,1.0,6.8
WILL BARTON,SG,32.0,WAS,40.0,0.0,19.6,2.8,7.1,0.386,1.3,3.5,0.377,1.5,3.7,0.395,0.477,0.9,1.1,0.778,0.3,2.5,2.8,2.4,0.4,0.3,1.1,1.0,7.7
WILL BARTON,SG,32.0,TOR,16.0,2.0,13.2,1.8,4.9,0.354,0.9,2.6,0.333,0.9,2.3,0.378,0.443,0.1,0.1,1.0,0.3,1.3,1.6,1.1,0.7,0.2,0.2,1.1,4.5
CHARLES BASSEY,C,22.0,SAS,35.0,2.0,14.5,2.5,3.9,0.644,0.1,0.2,0.375,2.4,3.6,0.661,0.656,0.6,1.1,0.595,2.1,3.4,5.5,1.3,0.5,0.9,1.2,2.1,5.7
KEITA BATES-DIOP,PF,27.0,SAS,67.0,42.0,21.7,3.5,6.9,0.508,0.8,2.1,0.394,2.7,4.8,0.557,0.568,1.8,2.2,0.793,1.0,2.7,3.7,1.5,0.7,0.3,0.8,0.9,9.7
NICOLAS BATUM,PF,34.0,LAC,78.0,19.0,21.9,2.1,4.9,0.42,1.6,4.1,0.391,0.5,0.8,0.563,0.583,0.4,0.6,0.708,0.8,3.0,3.8,1.6,0.7,0.6,0.6,1.9,6.1
DARIUS BAZLEY,C,22.0,TOT,43.0,1.0,14.3,1.9,4.3,0.454,0.5,1.2,0.377,1.5,3.0,0.485,0.508,0.9,1.6,0.543,0.8,2.4,3.2,0.9,0.5,0.8,0.6,1.0,5.2
DARIUS BAZLEY,C,22.0,OKC,36.0,1.0,15.4,2.0,4.4,0.449,0.5,1.3,0.4,1.5,3.1,0.469,0.506,1.0,1.8,0.554,0.8,2.6,3.4,0.9,0.5,0.8,0.6,1.0,5.4
DARIUS BAZLEY,C,22.0,PHO,7.0,0.0,8.7,1.7,3.6,0.48,0.3,1.1,0.25,1.4,2.4,0.588,0.52,0.3,0.7,0.4,0.7,1.6,2.3,0.9,0.4,0.7,0.7,1.3,4.0
BRADLEY BEAL,SG,29.0,WAS,50.0,50.0,33.5,8.9,17.6,0.506,1.6,4.4,0.365,7.3,13.2,0.552,0.551,3.8,4.6,0.842,0.8,3.1,3.9,5.4,0.9,0.7,2.9,2.1,23.2
MALIK BEASLEY,SG,26.0,TOT,81.0,27.0,25.8,4.6,11.6,0.395,2.9,8.1,0.357,1.7,3.4,0.484,0.52,0.6,0.8,0.769,0.4,3.1,3.5,1.5,0.8,0.1,1.1,1.3,12.7
MALIK BEASLEY,SG,26.0,UTA,55.0,13.0,26.8,4.8,12.2,0.396,3.1,8.6,0.359,1.7,3.6,0.485,0.522,0.7,0.8,0.841,0.5,3.1,3.6,1.7,0.8,0.1,1.1,1.4,13.4
MALIK BEASLEY,SG,26.0,LAL,26.0,14.0,23.9,4.0,10.3,0.392,2.5,7.2,0.353,1.5,3.1,0.481,0.515,0.5,0.8,0.619,0.3,3.0,3.3,1.2,0.8,0.0,1.2,1.2,11.1
MARJON BEAUCHAMP,SF,22.0,MIL,52.0,11.0,13.5,1.8,4.7,0.395,0.9,2.7,0.331,0.9,1.9,0.485,0.492,0.5,0.7,0.73,0.7,1.5,2.2,0.7,0.4,0.1,0.9,1.4,5.1
DĀVIS BERTĀNS,PF,30.0,DAL,45.0,1.0,10.9,1.5,3.6,0.431,1.2,3.1,0.39,0.3,0.4,0.737,0.603,0.3,0.3,0.867,0.2,1.0,1.2,0.5,0.2,0.2,0.2,1.2,4.6
PATRICK BEVERLEY,SG-PG,34.0,TOT,67.0,67.0,27.1,2.1,5.4,0.4,1.2,3.6,0.335,1.0,1.8,0.529,0.511,0.7,1.0,0.723,0.7,3.0,3.7,2.9,0.9,0.6,0.9,2.8,6.2
PATRICK BEVERLEY,SG,34.0,LAL,45.0,45.0,26.9,2.2,5.4,0.402,1.2,3.5,0.348,0.9,1.8,0.506,0.517,0.9,1.1,0.78,0.5,2.6,3.1,2.6,0.9,0.6,0.9,2.8,6.4
PATRICK BEVERLEY,PG,34.0,CHI,22.0,22.0,27.5,2.1,5.4,0.395,1.1,3.7,0.309,1.0,1.7,0.579,0.5,0.4,0.7,0.533,0.9,4.0,4.9,3.5,1.0,0.7,0.8,2.9,5.8
SADDIQ BEY,SF,23.0,TOT,77.0,37.0,27.6,4.6,10.9,0.422,2.0,5.4,0.361,2.6,5.4,0.483,0.513,2.7,3.1,0.861,1.3,3.4,4.7,1.5,0.9,0.2,0.9,1.6,13.8
SADDIQ BEY,SF,23.0,DET,52.0,30.0,28.8,4.7,11.7,0.404,1.9,5.6,0.345,2.8,6.0,0.46,0.488,3.5,4.0,0.861,1.1,3.5,4.7,1.6,1.0,0.2,1.0,1.7,14.8
SADDIQ BEY,SF,23.0,ATL,25.0,7.0,25.2,4.3,9.2,0.47,2.0,5.0,0.4,2.3,4.2,0.552,0.578,1.0,1.2,0.862,1.6,3.2,4.8,1.4,0.8,0.0,0.7,1.5,11.6
,0,0.0,0,0.0,0.0,0.0,0.0,0.0,0.0,0.0,0.0,0.0,0.0,0.0,0.0,0.0,0.0,0.0,0.0,0.0,0.0,0.0,0.0,0.0,0.0,0.0,0.0,0.0
KHEM BIRCH,C,30.0,TOR,20.0,0.0,8.1,1.0,1.6,0.594,0.1,0.1,0.5,0.9,1.5,0.6,0.609,0.2,0.3,0.8,0.4,0.9,1.3,0.4,0.3,0.3,0.4,1.2,2.2
GOGA BITADZE,C,23.0,TOT,38.0,1.0,12.0,1.8,3.3,0.552,0.2,0.7,0.231,1.7,2.6,0.636,0.576,0.6,1.1,0.548,1.6,2.0,3.6,1.0,0.4,0.7,0.6,1.7,4.4
GOGA BITADZE,C,23.0,IND,21.0,0.0,9.6,1.3,2.5,0.519,0.2,0.7,0.286,1.1,1.8,0.605,0.558,0.5,1.1,0.458,1.2,1.1,2.3,0.9,0.4,0.5,0.6,1.6,3.3
GOGA BITADZE,C,23.0,ORL,17.0,1.0,15.0,2.5,4.3,0.575,0.1,0.7,0.167,2.4,3.6,0.656,0.589,0.7,1.1,0.667,2.1,3.1,5.2,1.2,0.4,0.9,0.6,1.8,5.8
BISMACK BIYOMBO,C,30.0,PHO,61.0,14.0,14.3,2.0,3.4,0.578,0.0,0.0,0.0,2.0,3.4,0.578,0.578,0.4,1.1,0.357,1.5,2.8,4.3,0.9,0.3,1.4,0.8,1.9,4.3
BUDDY BOEHEIM,SF,23.0,DET,10.0,0.0,9.0,0.5,2.7,0.185,0.4,2.5,0.16,0.1,0.2,0.5,0.259,0.2,0.2,1.0,0.2,0.4,0.6,0.4,0.2,0.0,0.0,0.6,1.6
BOGDAN BOGDANOVIĆ,SG,30.0,ATL,54.0,9.0,27.9,5.1,11.3,0.447,2.7,6.7,0.406,2.4,4.6,0.506,0.566,1.2,1.4,0.831,0.4,2.6,3.1,2.8,0.8,0.3,1.2,1.6,14.0
BOJAN BOGDANOVIĆ,PF,33.0,DET,59.0,59.0,32.1,7.3,14.9,0.488,2.5,6.0,0.411,4.8,9.0,0.539,0.57,4.5,5.1,0.884,0.6,3.2,3.8,2.6,0.6,0.1,2.3,1.9,21.6
BOL BOL,PF,23.0,ORL,70.0,33.0,21.5,3.7,6.8,0.546,0.4,1.6,0.265,3.3,5.2,0.633,0.577,1.2,1.5,0.759,1.0,4.8,5.8,1.0,0.4,1.2,1.6,1.3,9.1
LEANDRO BOLMARO,SF,22.0,UTA,14.0,0.0,4.9,0.2,1.4,0.15,0.0,0.3,0.0,0.2,1.1,0.188,0.15,0.0,0.0,0.0,0.3,0.2,0.5,0.5,0.2,0.1,0.5,0.7,0.4
DEVIN BOOKER,SG,26.0,PHO,53.0,53.0,34.6,9.9,20.1,0.494,2.1,6.0,0.351,7.8,14.2,0.554,0.546,5.8,6.8,0.855,0.9,3.7,4.5,5.5,1.0,0.3,2.7,3.0,27.8
BRANDON BOSTON JR.,SF,21.0,LAC,22.0,1.0,11.3,2.3,5.5,0.418,0.5,1.3,0.414,1.8,4.2,0.419,0.467,1.3,1.7,0.763,0.3,1.0,1.4,0.9,0.4,0.0,0.5,1.0,6.5
CHRIS BOUCHER,PF,30.0,TOR,76.0,0.0,20.0,3.4,7.0,0.493,0.8,2.5,0.328,2.6,4.5,0.585,0.552,1.7,2.2,0.762,2.1,3.5,5.5,0.4,0.6,0.8,0.5,1.9,9.4
JAMES BOUKNIGHT,SG,22.0,CHO,34.0,0.0,15.1,2.0,5.7,0.358,1.0,3.2,0.303,1.1,2.5,0.429,0.443,0.6,0.9,0.667,0.2,1.9,2.1,1.2,0.4,0.1,0.9,1.4,5.6
JAMAREE BOUYEA,PG,23.0,TOT,5.0,0.0,14.2,1.2,2.8,0.429,0.4,1.2,0.333,0.8,1.6,0.5,0.5,0.2,0.4,0.5,0.2,1.0,1.2,0.8,0.8,0.4,0.8,1.2,3.0
JAMAREE BOUYEA,PG,23.0,MIA,4.0,0.0,16.3,1.5,3.3,0.462,0.5,1.3,0.4,1.0,2.0,0.5,0.538,0.3,0.5,0.5,0.3,1.0,1.3,1.0,1.0,0.5,1.0,1.3,3.8
JAMAREE BOUYEA,PG,23.0,WAS,1.0,0.0,6.0,0.0,1.0,0.0,0.0,1.0,0.0,0.0,0.0,0.0,0.0,0.0,0.0,0.0,0.0,1.0,1.0,0.0,0.0,0.0,0.0,1.0,0.0
TONY BRADLEY,C,25.0,CHI,12.0,0.0,2.8,0.5,1.0,0.5,0.3,0.4,0.6,0.3,0.6,0.429,0.625,0.3,0.3,1.0,0.1,0.8,0.9,0.1,0.1,0.1,0.1,0.2,1.6
MALAKI BRANHAM,SG,19.0,SAS,66.0,32.0,23.5,4.1,9.3,0.44,1.2,3.9,0.302,2.9,5.4,0.539,0.503,0.9,1.1,0.829,0.4,2.3,2.7,1.9,0.5,0.1,1.2,1.7,10.2
JARRELL BRANTLEY,PF,26.0,UTA,4.0,0.0,9.8,2.0,3.5,0.571,1.0,2.3,0.444,1.0,1.3,0.8,0.714,0.5,0.5,1.0,0.3,1.3,1.5,0.8,0.0,0.5,0.5,0.8,5.5
CHRISTIAN BRAUN,SG,21.0,DEN,76.0,6.0,15.5,1.9,3.8,0.495,0.4,1.3,0.354,1.4,2.5,0.565,0.554,0.5,0.8,0.625,0.6,1.8,2.4,0.8,0.5,0.2,0.5,1.3,4.7
MIKAL BRIDGES,SF-SG,26.0,TOT,83.0,83.0,35.7,7.1,15.3,0.468,2.0,5.3,0.382,5.1,9.9,0.514,0.535,3.8,4.3,0.895,1.0,3.4,4.4,3.3,1.1,0.7,1.5,1.9,20.1
MIKAL BRIDGES,SF,26.0,PHO,56.0,56.0,36.4,6.3,13.6,0.463,1.8,4.7,0.387,4.5,9.0,0.503,0.529,2.8,3.1,0.897,1.0,3.3,4.3,3.6,1.2,0.8,1.4,2.1,17.2
MIKAL BRIDGES,SG,26.0,BRK,27.0,27.0,34.2,8.9,18.6,0.475,2.5,6.7,0.376,6.3,11.9,0.531,0.543,5.9,6.6,0.894,0.9,3.6,4.5,2.7,1.0,0.6,1.8,1.6,26.1
OSHAE BRISSETT,PF,24.0,IND,65.0,2.0,16.7,1.9,4.9,0.386,0.7,2.4,0.31,1.2,2.5,0.457,0.461,1.6,2.2,0.717,1.0,2.4,3.4,0.7,0.5,0.2,0.5,1.2,6.1
MALCOLM BROGDON,PG,30.0,BOS,67.0,0.0,26.0,5.3,10.9,0.484,2.0,4.4,0.444,3.3,6.5,0.51,0.574,2.4,2.7,0.87,0.6,3.6,4.2,3.7,0.7,0.3,1.5,1.6,14.9
,0,0.0,0,0.0,0.0,0.0,0.0,0.0,0.0,0.0,0.0,0.0,0.0,0.0,0.0,0.0,0.0,0.0,0.0,0.0,0.0,0.0,0.0,0.0,0.0,0.0,0.0,0.0
DILLON BROOKS,SF,27.0,MEM,73.0,73.0,30.3,5.4,13.6,0.396,2.0,6.0,0.326,3.4,7.6,0.451,0.468,1.6,2.1,0.779,0.6,2.7,3.3,2.6,0.9,0.2,1.4,3.3,14.3
BRUCE BROWN,SF,26.0,DEN,80.0,31.0,28.5,4.5,9.3,0.483,1.1,3.2,0.358,3.3,6.1,0.548,0.545,1.5,1.9,0.758,0.8,3.3,4.1,3.4,1.1,0.6,1.5,2.4,11.5
GREG BROWN III,PF,21.0,POR,16.0,0.0,5.8,0.7,1.8,0.393,0.1,0.4,0.143,0.6,1.3,0.476,0.411,0.3,0.8,0.417,0.1,1.1,1.2,0.2,0.3,0.3,0.4,0.8,1.8
JAYLEN BROWN,SF,26.0,BOS,67.0,67.0,35.9,10.1,20.6,0.491,2.4,7.3,0.335,7.7,13.4,0.576,0.55,3.9,5.1,0.765,1.2,5.7,6.9,3.5,1.1,0.4,2.9,2.6,26.6
KENDALL BROWN,SG,19.0,IND,6.0,0.0,6.7,0.7,1.2,0.571,0.0,0.2,0.0,0.7,1.0,0.667,0.571,0.2,0.3,0.5,0.3,0.7,1.0,0.5,0.7,0.0,0.3,1.5,1.5
MOSES BROWN,C,23.0,TOT,36.0,1.0,8.2,1.7,2.7,0.635,0.0,0.0,0.0,1.7,2.7,0.635,0.635,0.9,2.0,0.458,1.6,2.3,3.9,0.1,0.1,0.4,0.4,1.1,4.3
MOSES BROWN,C,23.0,LAC,34.0,1.0,8.5,1.8,2.8,0.635,0.0,0.0,0.0,1.8,2.8,0.635,0.635,1.0,2.1,0.458,1.7,2.4,4.1,0.1,0.1,0.4,0.4,1.1,4.6
MOSES BROWN,C,23.0,BRK,2.0,0.0,3.0,0.0,0.0,0.0,0.0,0.0,0.0,0.0,0.0,0.0,0.0,0.0,0.0,0.0,0.0,0.0,0.0,0.0,0.5,0.0,0.5,0.5,0.0
STERLING BROWN,SF,27.0,LAL,4.0,0.0,6.0,0.0,1.0,0.0,0.0,0.5,0.0,0.0,0.5,0.0,0.0,0.0,0.0,0.0,0.8,1.3,2.0,0.5,0.8,0.0,0.0,1.0,0.0
TROY BROWN JR.,SF,23.0,LAL,76.0,45.0,24.5,2.6,6.1,0.43,1.4,3.7,0.381,1.2,2.4,0.505,0.545,0.4,0.5,0.872,0.8,3.2,4.1,1.3,0.8,0.2,0.6,1.6,7.1
JALEN BRUNSON,PG,26.0,NYK,68.0,68.0,35.0,8.6,17.6,0.491,2.0,4.7,0.416,6.7,12.8,0.519,0.547,4.8,5.8,0.829,0.6,3.0,3.5,6.2,0.9,0.2,2.1,2.2,24.0
THOMAS BRYANT,C,25.0,TOT,59.0,26.0,18.3,3.9,6.3,0.623,0.4,1.0,0.441,3.5,5.3,0.658,0.659,1.6,2.1,0.738,1.5,4.3,5.7,0.5,0.3,0.5,0.6,1.7,9.8
THOMAS BRYANT,C,25.0,LAL,41.0,25.0,21.4,4.8,7.3,0.654,0.5,1.2,0.44,4.3,6.1,0.697,0.691,2.0,2.6,0.741,1.6,5.2,6.8,0.7,0.3,0.6,0.7,1.9,12.1
THOMAS BRYANT,C,25.0,DEN,18.0,1.0,11.4,1.8,3.8,0.485,0.2,0.5,0.444,1.6,3.3,0.492,0.515,0.7,1.0,0.722,1.1,2.3,3.3,0.1,0.1,0.4,0.6,1.4,4.6
REGGIE BULLOCK,SF,31.0,DAL,78.0,55.0,30.3,2.5,6.0,0.409,1.9,5.1,0.38,0.5,0.9,0.562,0.569,0.3,0.5,0.703,0.4,3.2,3.6,1.4,0.7,0.2,0.5,2.1,7.2
ALEC BURKS,SG,31.0,DET,51.0,8.0,22.0,3.9,9.0,0.436,1.9,4.7,0.414,2.0,4.3,0.459,0.544,3.0,3.7,0.814,0.4,2.7,3.1,2.2,0.7,0.2,1.1,1.9,12.8
DEONTE BURTON,PF,29.0,SAC,2.0,0.0,3.0,0.0,1.0,0.0,0.0,0.5,0.0,0.0,0.5,0.0,0.0,0.0,0.0,0.0,0.0,0.0,0.0,0.0,0.0,0.0,0.0,0.0,0.0
JARED BUTLER,PG,22.0,OKC,6.0,1.0,12.8,2.5,5.3,0.469,1.2,2.3,0.5,1.3,3.0,0.444,0.578,0.0,0.0,0.0,0.2,0.5,0.7,1.3,0.8,0.0,0.8,0.8,6.2
JIMMY BUTLER,PF,33.0,MIA,64.0,64.0,33.4,7.5,13.9,0.539,0.6,1.6,0.35,6.9,12.3,0.564,0.56,7.4,8.7,0.85,2.2,3.7,5.9,5.3,1.8,0.3,1.6,1.3,22.9
JOHN BUTLER,C,20.0,POR,19.0,1.0,11.6,0.9,2.8,0.321,0.4,1.8,0.229,0.5,0.9,0.5,0.396,0.2,0.2,0.75,0.2,0.7,0.9,0.6,0.4,0.5,0.1,1.2,2.4
JAMAL CAIN,PF,23.0,MIA,18.0,0.0,13.3,2.1,3.7,0.561,0.4,1.1,0.35,1.7,2.6,0.652,0.614,0.9,1.2,0.773,0.8,2.1,2.9,0.7,0.6,0.1,0.3,1.2,5.4
KENTAVIOUS CALDWELL-POPE,SG,29.0,DEN,76.0,76.0,31.3,3.8,8.3,0.462,1.8,4.2,0.423,2.1,4.1,0.502,0.569,1.4,1.6,0.824,0.5,2.3,2.7,2.4,1.5,0.5,1.1,1.9,10.8
FACUNDO CAMPAZZO,PG,31.0,DAL,8.0,0.0,6.5,0.4,1.6,0.231,0.4,1.4,0.273,0.0,0.3,0.0,0.346,0.1,0.3,0.5,0.0,0.3,0.3,1.1,0.8,0.0,0.4,0.4,1.3
VLATKO ČANČAR,PF,25.0,DEN,60.0,9.0,14.8,1.8,3.8,0.476,0.7,1.9,0.374,1.1,1.9,0.58,0.57,0.6,0.7,0.927,0.4,1.7,2.1,1.3,0.4,0.2,0.6,1.4,5.0
,0,0.0,0,0.0,0.0,0.0,0.0,0.0,0.0,0.0,0.0,0.0,0.0,0.0,0.0,0.0,0.0,0.0,0.0,0.0,0.0,0.0,0.0,0.0,0.0,0.0,0.0,0.0
CLINT CAPELA,C,28.0,ATL,65.0,63.0,26.6,5.4,8.2,0.653,0.0,0.0,0.0,5.4,8.2,0.654,0.653,1.2,2.0,0.603,4.0,7.1,11.0,0.9,0.7,1.2,0.8,2.1,12.0
VERNON CAREY JR.,C,21.0,WAS,11.0,0.0,2.5,0.2,0.7,0.25,0.0,0.0,0.0,0.2,0.7,0.25,0.25,0.2,0.2,1.0,0.3,0.7,1.0,0.3,0.2,0.2,0.2,0.5,0.5
JEVON CARTER,PG,27.0,MIL,81.0,39.0,22.3,3.0,7.0,0.423,1.8,4.2,0.421,1.2,2.8,0.425,0.549,0.4,0.5,0.816,0.4,2.1,2.5,2.4,0.8,0.4,1.0,2.0,8.0
WENDELL CARTER JR.,C,23.0,ORL,57.0,54.0,29.6,5.6,10.8,0.525,1.4,3.9,0.356,4.2,6.8,0.624,0.591,2.5,3.4,0.738,2.1,6.6,8.7,2.3,0.5,0.6,1.9,2.8,15.2
MICHAEL CARTER-WILLIAMS,PG,31.0,ORL,4.0,0.0,11.0,1.5,3.5,0.429,0.3,0.8,0.333,1.3,2.8,0.455,0.464,1.0,1.8,0.571,0.3,1.0,1.3,1.8,0.3,0.3,1.0,1.3,4.3
ALEX CARUSO,PG,28.0,CHI,67.0,36.0,23.5,1.9,4.3,0.455,0.8,2.3,0.364,1.1,2.0,0.556,0.551,0.9,1.1,0.808,0.6,2.3,2.9,2.9,1.5,0.7,1.1,2.4,5.6
JULIAN CHAMPAGNIE,SF,21.0,TOT,17.0,3.0,18.8,3.5,7.6,0.454,1.9,4.8,0.402,1.5,2.8,0.542,0.581,0.8,1.0,0.824,0.6,2.9,3.5,0.6,0.4,0.3,0.6,1.5,9.7
JULIAN CHAMPAGNIE,SF,21.0,PHI,2.0,0.0,3.5,0.0,1.0,0.0,0.0,0.5,0.0,0.0,0.5,0.0,0.0,0.0,0.0,0.0,0.0,0.0,0.0,0.0,0.5,0.0,0.0,0.0,0.0
JULIAN CHAMPAGNIE,SF,21.0,SAS,15.0,3.0,20.9,3.9,8.5,0.461,2.2,5.4,0.407,1.7,3.1,0.553,0.59,0.9,1.1,0.824,0.7,3.3,4.0,0.7,0.3,0.3,0.7,1.7,11.0
JUSTIN CHAMPAGNIE,SF,21.0,TOT,5.0,0.0,6.8,1.0,3.0,0.333,0.2,1.0,0.2,0.8,2.0,0.4,0.367,0.0,0.0,0.0,0.6,1.0,1.6,0.8,0.2,0.0,0.0,0.4,2.2
JUSTIN CHAMPAGNIE,SF,21.0,TOR,3.0,0.0,3.7,1.0,1.0,1.0,0.0,0.0,0.0,1.0,1.0,1.0,1.0,0.0,0.0,0.0,0.3,1.0,1.3,0.3,0.0,0.0,0.0,0.3,2.0
JUSTIN CHAMPAGNIE,SF,21.0,BOS,2.0,0.0,11.5,1.0,6.0,0.167,0.5,2.5,0.2,0.5,3.5,0.143,0.208,0.0,0.0,0.0,1.0,1.0,2.0,1.5,0.5,0.0,0.0,0.5,2.5
KENNEDY CHANDLER,PG,20.0,MEM,36.0,0.0,7.8,1.0,2.3,0.422,0.1,0.4,0.133,0.9,1.9,0.485,0.434,0.2,0.4,0.462,0.3,0.8,1.1,1.6,0.3,0.1,0.5,0.4,2.2
MAX CHRISTIE,SG,19.0,LAL,41.0,3.0,12.5,1.1,2.6,0.415,0.6,1.5,0.419,0.4,1.1,0.409,0.538,0.3,0.4,0.875,0.2,1.7,1.8,0.5,0.2,0.2,0.3,0.8,3.1
JOSH CHRISTOPHER,SG,21.0,HOU,64.0,2.0,12.3,2.4,5.1,0.465,0.3,1.4,0.236,2.1,3.8,0.55,0.497,0.7,0.9,0.75,0.3,0.8,1.1,1.1,0.5,0.2,0.9,0.9,5.8
BRANDON CLARKE,PF,26.0,MEM,56.0,8.0,19.5,4.1,6.2,0.656,0.0,0.1,0.167,4.1,6.1,0.665,0.658,1.8,2.4,0.723,1.6,3.9,5.5,1.3,0.6,0.7,1.0,2.3,10.0
JORDAN CLARKSON,SG,30.0,UTA,61.0,61.0,32.6,7.5,16.9,0.444,2.5,7.5,0.338,5.0,9.4,0.53,0.519,3.3,4.0,0.816,1.2,2.9,4.0,4.4,0.5,0.2,3.0,2.0,20.8
NIC CLAXTON,C,23.0,BRK,76.0,76.0,29.9,5.4,7.7,0.705,0.0,0.0,0.0,5.4,7.7,0.708,0.705,1.8,3.2,0.541,2.4,6.8,9.2,1.9,0.9,2.5,1.3,2.8,12.6
AMIR COFFEY,SF,25.0,LAC,50.0,9.0,12.5,1.1,2.9,0.386,0.2,0.8,0.275,0.9,2.1,0.429,0.424,1.0,1.3,0.778,0.3,0.7,1.1,1.1,0.1,0.1,0.4,1.0,3.4
JOHN COLLINS,PF,25.0,ATL,71.0,71.0,30.0,5.1,10.0,0.508,1.0,3.4,0.292,4.1,6.6,0.619,0.557,2.0,2.5,0.803,1.1,5.4,6.5,1.2,0.6,1.0,1.1,3.1,13.1
ZACH COLLINS,C,25.0,SAS,63.0,26.0,22.9,4.5,8.7,0.518,0.9,2.3,0.374,3.6,6.4,0.571,0.568,1.7,2.3,0.761,1.8,4.5,6.4,2.9,0.6,0.8,2.0,3.2,11.6
CHANCE COMANCHE,C,26.0,POR,1.0,0.0,21.0,3.0,5.0,0.6,0.0,0.0,0.0,3.0,5.0,0.6,0.6,1.0,4.0,0.25,2.0,1.0,3.0,0.0,0.0,1.0,0.0,0.0,7.0
MIKE CONLEY,PG,35.0,TOT,67.0,66.0,30.3,3.9,9.1,0.428,2.0,5.2,0.385,1.9,3.9,0.486,0.539,2.1,2.5,0.834,0.5,2.2,2.7,6.7,1.1,0.2,1.5,2.1,11.9
MIKE CONLEY,PG,35.0,UTA,43.0,42.0,29.7,3.6,8.7,0.408,1.8,5.0,0.362,1.8,3.8,0.469,0.511,1.8,2.2,0.813,0.4,2.1,2.5,7.7,1.0,0.2,1.7,2.2,10.7
MIKE CONLEY,PG,35.0,MIN,24.0,24.0,31.4,4.5,9.8,0.46,2.4,5.8,0.42,2.1,4.0,0.515,0.583,2.6,3.0,0.863,0.7,2.5,3.1,5.0,1.2,0.2,1.2,1.9,14.0
PAT CONNAUGHTON,SF,30.0,MIL,61.0,33.0,23.7,2.7,6.9,0.392,1.8,5.3,0.339,0.9,1.6,0.566,0.521,0.4,0.7,0.659,0.8,3.8,4.6,1.3,0.6,0.2,0.5,1.1,7.6
,0,0.0,0,0.0,0.0,0.0,0.0,0.0,0.0,0.0,0.0,0.0,0.0,0.0,0.0,0.0,0.0,0.0,0.0,0.0,0.0,0.0,0.0,0.0,0.0,0.0,0.0,0.0
XAVIER COOKS,PF,27.0,WAS,10.0,1.0,12.6,1.7,2.8,0.607,0.0,0.1,0.0,1.7,2.7,0.63,0.607,0.4,1.0,0.4,1.6,2.2,3.8,0.6,0.6,0.4,0.8,1.3,3.8
ROBERT COVINGTON,PF,32.0,LAC,48.0,0.0,16.2,2.1,4.8,0.445,1.1,2.8,0.397,1.0,1.9,0.516,0.563,0.6,0.8,0.75,0.6,2.8,3.5,1.2,0.8,0.7,0.7,1.8,6.0
TORREY CRAIG,PF,32.0,PHO,79.0,60.0,24.7,2.9,6.3,0.456,1.3,3.2,0.395,1.6,3.1,0.518,0.556,0.4,0.6,0.711,1.8,3.6,5.4,1.5,0.6,0.8,0.9,2.3,7.4
JAE CROWDER,PF,32.0,MIL,18.0,3.0,18.9,2.5,5.2,0.479,1.3,3.1,0.436,1.2,2.2,0.538,0.606,0.6,0.7,0.833,0.9,2.9,3.8,1.5,0.7,0.3,0.4,1.5,6.9
JARRETT CULVER,SF,23.0,ATL,10.0,1.0,13.7,1.7,4.3,0.395,0.1,1.2,0.083,1.6,3.1,0.516,0.407,0.9,1.3,0.692,1.0,2.8,3.8,0.6,0.6,0.2,0.7,1.4,4.4
CADE CUNNINGHAM,PG,21.0,DET,12.0,12.0,33.3,7.8,18.7,0.415,1.4,5.1,0.279,6.3,13.6,0.466,0.453,3.0,3.6,0.837,1.0,5.2,6.2,6.0,0.8,0.6,3.3,2.8,19.9
SETH CURRY,SG,32.0,BRK,61.0,7.0,19.9,3.4,7.4,0.463,1.5,3.8,0.405,1.9,3.6,0.525,0.568,0.8,0.9,0.927,0.2,1.4,1.6,1.6,0.6,0.1,0.8,1.6,9.2
STEPHEN CURRY,PG,34.0,GSW,56.0,56.0,34.7,10.0,20.2,0.493,4.9,11.4,0.427,5.1,8.8,0.579,0.614,4.6,5.0,0.915,0.7,5.4,6.1,6.3,0.9,0.4,3.2,2.1,29.4
DYSON DANIELS,PG,19.0,NOP,59.0,11.0,17.7,1.5,3.5,0.418,0.5,1.5,0.314,1.0,2.1,0.492,0.483,0.4,0.7,0.65,0.6,2.6,3.2,2.3,0.7,0.2,1.0,1.7,3.8
ANTHONY DAVIS,C,29.0,LAL,56.0,54.0,34.0,9.7,17.2,0.563,0.3,1.3,0.257,9.3,15.9,0.589,0.573,6.2,7.9,0.784,3.5,9.1,12.5,2.6,1.1,2.0,2.2,2.6,25.9
JOHNNY DAVIS,SG,20.0,WAS,28.0,5.0,15.1,2.4,6.1,0.386,0.6,2.5,0.243,1.8,3.6,0.485,0.436,0.5,1.0,0.519,0.4,2.0,2.3,1.0,0.4,0.3,0.6,1.7,5.8
TERENCE DAVIS,SG,25.0,SAC,64.0,5.0,13.1,2.4,5.7,0.423,1.4,3.8,0.366,1.0,1.9,0.537,0.545,0.5,0.7,0.791,0.3,1.9,2.2,1.0,0.7,0.2,0.8,1.6,6.7
JD DAVISON,SG,20.0,BOS,12.0,0.0,5.5,0.7,1.6,0.421,0.2,0.6,0.286,0.5,1.0,0.5,0.474,0.1,0.2,0.5,0.2,0.6,0.8,0.9,0.2,0.2,0.3,0.4,1.6
DARIUS DAYS,SF,23.0,HOU,4.0,0.0,6.3,1.3,3.0,0.417,0.8,2.5,0.3,0.5,0.5,1.0,0.542,0.5,0.5,1.0,0.3,1.3,1.5,0.3,0.0,0.3,0.0,0.5,3.8
DEWAYNE DEDMON,C,33.0,TOT,38.0,1.0,11.2,2.0,4.0,0.51,0.3,1.0,0.308,1.7,2.9,0.58,0.55,0.9,1.3,0.673,0.9,2.6,3.5,0.7,0.2,0.5,0.7,2.0,5.2
DEWAYNE DEDMON,C,33.0,MIA,30.0,0.0,11.7,2.1,4.3,0.496,0.4,1.2,0.297,1.8,3.1,0.576,0.539,1.1,1.5,0.727,0.9,2.7,3.6,0.5,0.2,0.5,0.6,2.0,5.7
DEWAYNE DEDMON,C,33.0,PHI,8.0,1.0,9.5,1.6,2.8,0.591,0.1,0.3,0.5,1.5,2.5,0.6,0.614,0.1,0.6,0.2,0.8,2.4,3.1,1.3,0.3,0.6,0.8,1.8,3.5
MATTHEW DELLAVEDOVA,PG,32.0,SAC,32.0,0.0,6.7,0.5,1.6,0.34,0.3,0.8,0.333,0.3,0.7,0.348,0.43,0.1,0.2,0.571,0.0,0.4,0.4,1.3,0.2,0.0,0.3,0.6,1.5
DEMAR DEROZAN,SF,33.0,CHI,74.0,74.0,36.2,8.9,17.6,0.504,0.6,1.9,0.324,8.3,15.7,0.526,0.522,6.2,7.1,0.872,0.5,4.2,4.6,5.1,1.1,0.5,2.1,2.5,24.5
MOUSSA DIABATÉ,C,21.0,LAC,22.0,1.0,8.9,1.1,2.1,0.511,0.0,0.1,0.5,1.0,2.0,0.511,0.521,0.5,0.7,0.625,1.4,0.9,2.3,0.2,0.3,0.4,0.4,0.7,2.7
MAMADI DIAKITE,C,26.0,CLE,22.0,2.0,8.0,1.1,2.3,0.48,0.3,1.0,0.333,0.8,1.3,0.586,0.55,0.1,0.1,1.0,0.4,1.0,1.4,0.4,0.2,0.4,0.5,1.2,2.6
HAMIDOU DIALLO,SF,24.0,DET,56.0,0.0,17.8,3.8,6.7,0.573,0.1,0.4,0.238,3.8,6.3,0.593,0.58,1.6,2.6,0.588,1.0,2.4,3.5,1.0,0.9,0.3,1.3,2.2,9.3
,0,0.0,0,0.0,0.0,0.0,0.0,0.0,0.0,0.0,0.0,0.0,0.0,0.0,0.0,0.0,0.0,0.0,0.0,0.0,0.0,0.0,0.0,0.0,0.0,0.0,0.0,0.0
GORGUI DIENG,C,33.0,SAS,31.0,1.0,11.5,1.5,3.8,0.385,0.7,2.4,0.28,0.8,1.4,0.571,0.474,0.3,0.4,0.769,0.9,2.6,3.5,1.7,0.1,0.5,1.0,1.8,3.9
OUSMANE DIENG,PF,19.0,OKC,39.0,1.0,14.6,1.9,4.6,0.42,0.7,2.5,0.265,1.3,2.1,0.602,0.492,0.4,0.6,0.652,0.5,2.2,2.7,1.2,0.4,0.2,0.7,1.1,4.9
SPENCER DINWIDDIE,SG-PG,29.0,TOT,79.0,79.0,34.5,5.8,13.3,0.438,2.3,6.2,0.369,3.5,7.1,0.498,0.524,3.4,4.2,0.812,0.4,3.1,3.4,6.5,0.8,0.3,1.8,2.4,17.3
SPENCER DINWIDDIE,SG,29.0,DAL,53.0,53.0,34.1,6.0,13.1,0.455,2.6,6.4,0.405,3.4,6.7,0.504,0.555,3.2,3.9,0.821,0.4,2.7,3.1,5.3,0.7,0.3,1.7,2.3,17.7
SPENCER DINWIDDIE,PG,29.0,BRK,26.0,26.0,35.3,5.5,13.7,0.404,1.7,5.7,0.289,3.9,8.0,0.488,0.465,3.8,4.7,0.797,0.3,3.8,4.1,9.1,1.1,0.3,2.1,2.4,16.5
DONTE DIVINCENZO,SG,26.0,GSW,72.0,36.0,26.3,3.3,7.5,0.435,2.1,5.3,0.397,1.2,2.3,0.525,0.574,0.8,1.0,0.817,1.1,3.4,4.5,3.5,1.3,0.1,1.6,1.8,9.4
LUKA DONČIĆ,PG,23.0,DAL,66.0,66.0,36.2,10.9,22.0,0.496,2.8,8.2,0.342,8.1,13.8,0.588,0.56,7.8,10.5,0.742,0.8,7.8,8.6,8.0,1.4,0.5,3.6,2.5,32.4
TYLER DORSEY,SF,26.0,DAL,3.0,0.0,2.7,1.3,1.7,0.8,0.3,0.7,0.5,1.0,1.0,1.0,0.9,0.0,0.0,0.0,0.3,0.3,0.7,0.0,0.0,0.0,0.0,0.0,3.0
LUGUENTZ DORT,SF,23.0,OKC,74.0,73.0,30.7,4.6,11.8,0.388,1.8,5.5,0.33,2.8,6.3,0.44,0.466,2.7,3.5,0.772,1.7,2.9,4.6,2.1,1.0,0.3,1.2,3.3,13.7
AYO DOSUNMU,SG,23.0,CHI,80.0,51.0,26.2,3.5,7.1,0.493,0.7,2.4,0.312,2.8,4.8,0.583,0.545,0.8,1.0,0.805,0.6,2.2,2.8,2.6,0.8,0.3,1.2,2.3,8.6
DEVON DOTSON,PG,23.0,WAS,6.0,0.0,8.8,0.2,1.7,0.1,0.2,0.7,0.25,0.0,1.0,0.0,0.15,0.0,0.0,0.0,1.0,0.7,1.7,1.3,0.8,0.0,0.5,1.5,0.5
JEFF DOWTIN,PG,25.0,TOR,25.0,0.0,10.4,1.0,2.3,0.439,0.2,0.6,0.313,0.8,1.6,0.488,0.482,0.2,0.4,0.667,0.2,0.7,0.9,1.2,0.4,0.1,0.2,0.5,2.4
PJ DOZIER,SF,26.0,SAC,16.0,0.0,4.9,0.6,2.1,0.303,0.1,1.0,0.125,0.5,1.1,0.471,0.333,0.0,0.0,0.0,0.1,0.8,0.9,0.6,0.4,0.1,0.3,0.4,1.4
GORAN DRAGIĆ,PG,36.0,TOT,58.0,0.0,15.0,2.4,5.8,0.421,0.9,2.5,0.359,1.5,3.3,0.468,0.499,0.5,0.8,0.689,0.3,1.1,1.4,2.6,0.2,0.1,1.1,1.1,6.3
GORAN DRAGIĆ,PG,36.0,CHI,51.0,0.0,15.4,2.5,5.9,0.425,0.9,2.5,0.352,1.6,3.4,0.48,0.5,0.5,0.8,0.659,0.3,1.1,1.4,2.7,0.2,0.1,1.1,1.2,6.4
GORAN DRAGIĆ,PG,36.0,MIL,7.0,0.0,11.9,2.0,5.1,0.389,1.0,2.4,0.412,1.0,2.7,0.368,0.486,0.6,0.6,1.0,0.4,1.3,1.7,1.7,0.3,0.0,1.0,0.3,5.6
ANDRE DRUMMOND,C,29.0,CHI,67.0,0.0,12.7,2.5,4.1,0.606,0.0,0.0,0.0,2.5,4.0,0.613,0.606,1.0,1.9,0.536,2.1,4.6,6.6,0.5,0.7,0.4,1.1,1.7,6.0
CHRIS DUARTE,SF,25.0,IND,46.0,12.0,19.5,2.7,7.2,0.369,1.2,3.8,0.316,1.5,3.5,0.428,0.452,1.3,1.6,0.847,0.4,2.1,2.5,1.4,0.5,0.2,0.9,1.4,7.9
DAVID DUKE JR.,SG,23.0,BRK,23.0,0.0,9.9,1.6,3.4,0.462,0.0,0.5,0.083,1.5,2.9,0.53,0.468,0.5,0.7,0.706,0.5,0.8,1.3,0.9,0.4,0.0,0.8,1.3,3.7
KRIS DUNN,PG,28.0,UTA,22.0,3.0,25.8,5.3,9.8,0.537,0.8,1.6,0.472,4.5,8.2,0.55,0.576,1.9,2.4,0.774,0.4,4.1,4.5,5.6,1.1,0.5,1.6,2.6,13.2
KEVIN DURANT,PF,34.0,TOT,47.0,47.0,35.6,10.3,18.3,0.56,2.0,4.9,0.404,8.3,13.4,0.617,0.614,6.5,7.1,0.919,0.4,6.3,6.7,5.0,0.7,1.4,3.3,2.1,29.1
KEVIN DURANT,PF,34.0,BRK,39.0,39.0,36.0,10.5,18.8,0.559,1.8,4.8,0.376,8.7,14.0,0.622,0.607,6.8,7.3,0.934,0.4,6.4,6.7,5.3,0.8,1.5,3.5,2.4,29.7
KEVIN DURANT,PF,34.0,PHO,8.0,8.0,33.6,9.1,16.0,0.57,2.8,5.1,0.537,6.4,10.9,0.586,0.656,5.0,6.0,0.833,0.4,6.0,6.4,3.5,0.3,1.3,2.5,0.9,26.0
JALEN DUREN,C,19.0,DET,67.0,31.0,24.9,3.9,5.9,0.648,0.0,0.0,0.0,3.9,5.9,0.652,0.648,1.4,2.3,0.611,3.4,5.5,8.9,1.1,0.7,0.9,1.4,2.7,9.1
TARI EASON,PF,21.0,HOU,82.0,5.0,21.5,3.6,8.0,0.448,0.7,2.1,0.343,2.9,6.0,0.486,0.493,1.3,1.8,0.752,2.4,3.7,6.0,1.1,1.2,0.6,1.2,2.3,9.3
ANTHONY EDWARDS,SG,21.0,MIN,79.0,79.0,36.0,8.9,19.5,0.459,2.7,7.3,0.369,6.3,12.2,0.513,0.528,4.0,5.3,0.756,0.6,5.2,5.8,4.4,1.6,0.7,3.3,2.4,24.6
,0,0.0,0,0.0,0.0,0.0,0.0,0.0,0.0,0.0,0.0,0.0,0.0,0.0,0.0,0.0,0.0,0.0,0.0,0.0,0.0,0.0,0.0,0.0,0.0,0.0,0.0,0.0
KESSLER EDWARDS,SF,22.0,TOT,36.0,4.0,10.7,1.0,2.6,0.387,0.5,1.5,0.309,0.5,1.1,0.5,0.478,0.3,0.4,0.733,0.6,1.1,1.7,0.6,0.4,0.2,0.4,1.1,2.8
KESSLER EDWARDS,SF,22.0,BRK,14.0,1.0,5.6,0.4,1.7,0.25,0.1,0.9,0.167,0.3,0.9,0.333,0.292,0.1,0.1,0.5,0.4,0.6,1.0,0.1,0.2,0.1,0.3,0.2,1.1
KESSLER EDWARDS,SF,22.0,SAC,22.0,3.0,13.9,1.4,3.1,0.435,0.7,2.0,0.349,0.7,1.2,0.577,0.543,0.5,0.6,0.769,0.8,1.4,2.1,1.0,0.5,0.2,0.4,1.7,3.9
KEON ELLIS,SG,23.0,SAC,16.0,0.0,4.4,0.4,1.0,0.438,0.4,0.8,0.5,0.1,0.3,0.25,0.625,0.3,0.4,0.571,0.3,0.3,0.5,0.4,0.3,0.1,0.1,0.6,1.5
JOEL EMBIID,C,28.0,PHI,66.0,66.0,34.6,11.0,20.1,0.548,1.0,3.0,0.33,10.0,17.1,0.587,0.573,10.0,11.7,0.857,1.7,8.4,10.2,4.2,1.0,1.7,3.4,3.1,33.1
DREW EUBANKS,C,25.0,POR,78.0,28.0,20.3,2.7,4.3,0.641,0.1,0.2,0.389,2.7,4.1,0.655,0.651,1.1,1.6,0.664,1.7,3.7,5.4,1.3,0.5,1.3,0.9,2.2,6.6
BRUNO FERNANDO,C,24.0,TOT,39.0,4.0,10.4,1.5,2.9,0.527,0.0,0.1,0.0,1.5,2.8,0.546,0.527,0.9,1.3,0.7,1.4,2.1,3.5,0.8,0.2,0.9,0.6,1.9,3.9
BRUNO FERNANDO,C,24.0,HOU,31.0,4.0,11.7,1.5,3.0,0.516,0.0,0.0,0.0,1.5,3.0,0.522,0.516,1.0,1.4,0.682,1.5,2.4,3.9,1.0,0.2,1.0,0.6,2.2,4.1
BRUNO FERNANDO,C,24.0,ATL,8.0,0.0,5.1,1.4,2.4,0.579,0.0,0.4,0.0,1.4,2.0,0.688,0.579,0.6,0.8,0.833,0.8,1.1,1.9,0.1,0.0,0.4,0.6,0.8,3.4
DORIAN FINNEY-SMITH,PF,29.0,TOT,66.0,66.0,30.4,3.0,7.6,0.391,1.7,5.1,0.337,1.2,2.5,0.503,0.505,0.7,0.9,0.763,1.7,3.1,4.8,1.5,0.8,0.5,0.9,2.2,8.3
DORIAN FINNEY-SMITH,PF,29.0,DAL,40.0,40.0,32.2,3.2,7.8,0.416,1.9,5.4,0.355,1.3,2.3,0.559,0.54,0.8,1.0,0.75,1.7,3.0,4.7,1.5,1.0,0.5,0.9,2.0,9.1
DORIAN FINNEY-SMITH,PF,29.0,BRK,26.0,26.0,27.7,2.6,7.3,0.351,1.4,4.7,0.306,1.2,2.7,0.429,0.448,0.6,0.7,0.789,1.8,3.1,4.9,1.6,0.7,0.6,1.0,2.5,7.2
MALACHI FLYNN,PG,24.0,TOR,53.0,2.0,13.0,1.6,4.6,0.36,0.9,2.5,0.353,0.8,2.1,0.367,0.457,0.5,0.6,0.758,0.3,1.2,1.4,1.3,0.4,0.1,0.5,1.2,4.6
SIMONE FONTECCHIO,SF,27.0,UTA,52.0,6.0,14.7,2.2,6.0,0.369,1.2,3.7,0.33,1.0,2.3,0.43,0.47,0.7,0.8,0.795,0.6,1.1,1.7,0.8,0.3,0.2,0.8,1.2,6.3
BRYN FORBES,SG,29.0,MIN,25.0,0.0,10.7,1.2,3.3,0.361,0.6,1.8,0.304,0.6,1.5,0.432,0.446,0.6,0.6,1.0,0.2,0.4,0.6,0.7,0.3,0.1,0.5,0.9,3.6
TRENT FORREST,SG,24.0,ATL,23.0,3.0,12.0,1.1,2.6,0.417,0.0,0.1,0.0,1.1,2.5,0.431,0.417,0.1,0.1,0.667,0.2,1.4,1.6,1.7,0.3,0.1,0.7,0.7,2.3
MICHAEL FOSTER JR.,PF,20.0,PHI,1.0,0.0,1.0,0.0,0.0,0.0,0.0,0.0,0.0,0.0,0.0,0.0,0.0,0.0,0.0,0.0,0.0,0.0,0.0,0.0,0.0,0.0,0.0,0.0,0.0
EVAN FOURNIER,SG,30.0,NYK,27.0,7.0,17.0,2.1,6.1,0.337,1.3,4.2,0.307,0.8,1.9,0.404,0.443,0.7,0.8,0.857,0.1,1.7,1.8,1.3,0.6,0.1,0.8,1.7,6.1
DE'AARON FOX,PG,25.0,SAC,73.0,73.0,33.4,9.3,18.2,0.512,1.6,5.0,0.324,7.7,13.2,0.584,0.557,4.7,6.0,0.78,0.5,3.6,4.2,6.1,1.1,0.3,2.5,2.4,25.0
MARKELLE FULTZ,PG,24.0,ORL,60.0,60.0,29.6,5.8,11.3,0.514,0.5,1.5,0.31,5.4,9.9,0.544,0.534,1.9,2.4,0.783,1.2,2.8,3.9,5.7,1.5,0.4,2.3,2.2,14.0
WENYEN GABRIEL,C,25.0,LAL,68.0,2.0,15.1,2.3,3.8,0.596,0.1,0.5,0.278,2.1,3.3,0.647,0.615,0.8,1.2,0.619,1.7,2.5,4.2,0.5,0.4,0.5,0.7,2.1,5.5
DANIEL GAFFORD,C,24.0,WAS,78.0,47.0,20.6,3.7,5.1,0.732,0.0,0.0,0.0,3.7,5.1,0.732,0.732,1.6,2.4,0.679,2.1,3.5,5.6,1.1,0.4,1.3,1.1,2.4,9.0
DARIUS GARLAND,PG,23.0,CLE,69.0,69.0,35.5,7.6,16.4,0.462,2.4,6.0,0.41,5.1,10.4,0.492,0.537,4.0,4.7,0.863,0.4,2.3,2.7,7.8,1.2,0.1,2.9,2.1,21.6
USMAN GARUBA,C,20.0,HOU,75.0,1.0,12.9,1.1,2.4,0.486,0.3,0.8,0.407,0.8,1.6,0.525,0.554,0.4,0.6,0.617,1.6,2.5,4.1,0.9,0.6,0.4,0.6,1.8,3.0
LUKA GARZA,C,24.0,MIN,28.0,0.0,8.7,2.3,4.1,0.543,0.5,1.4,0.359,1.8,2.8,0.636,0.603,1.5,1.9,0.788,1.2,1.1,2.3,0.6,0.1,0.1,0.5,1.5,6.5
RUDY GAY,PF,36.0,UTA,56.0,0.0,14.6,1.9,5.1,0.38,0.6,2.3,0.254,1.4,2.8,0.484,0.437,0.8,0.9,0.857,0.6,2.3,2.9,1.0,0.3,0.3,0.7,1.2,5.2
,0,0.0,0,0.0,0.0,0.0,0.0,0.0,0.0,0.0,0.0,0.0,0.0,0.0,0.0,0.0,0.0,0.0,0.0,0.0,0.0,0.0,0.0,0.0,0.0,0.0,0.0,0.0
PAUL GEORGE,SF,32.0,LAC,56.0,56.0,34.6,8.2,17.9,0.457,2.8,7.6,0.371,5.4,10.3,0.521,0.536,4.6,5.3,0.871,0.8,5.3,6.1,5.1,1.5,0.4,3.1,2.8,23.8
TAJ GIBSON,C,37.0,WAS,49.0,2.0,9.8,1.3,2.6,0.52,0.2,0.5,0.333,1.2,2.1,0.564,0.552,0.6,0.9,0.714,0.7,1.2,1.9,0.7,0.3,0.2,0.5,1.7,3.4
JOSH GIDDEY,PF,20.0,OKC,76.0,76.0,31.1,7.1,14.7,0.482,1.0,3.1,0.325,6.1,11.6,0.524,0.516,1.4,1.9,0.731,1.9,5.9,7.9,6.2,0.8,0.4,2.8,1.9,16.6
SHAI GILGEOUS-ALEXANDER,PG,24.0,OKC,68.0,68.0,35.5,10.4,20.3,0.51,0.9,2.5,0.345,9.5,17.8,0.533,0.531,9.8,10.9,0.905,0.9,4.0,4.8,5.5,1.6,1.0,2.8,2.8,31.4
ANTHONY GILL,PF,30.0,WAS,59.0,8.0,10.6,1.2,2.2,0.538,0.1,0.5,0.138,1.1,1.7,0.65,0.553,0.8,1.1,0.731,0.6,1.1,1.7,0.6,0.1,0.2,0.3,1.2,3.3
JACOB GILYARD,PG,24.0,MEM,1.0,0.0,41.0,1.0,3.0,0.333,1.0,3.0,0.333,0.0,0.0,0.0,0.5,0.0,0.0,0.0,0.0,4.0,4.0,7.0,3.0,0.0,2.0,3.0,3.0
RUDY GOBERT,C,30.0,MIN,70.0,70.0,30.7,5.1,7.8,0.659,0.0,0.0,0.0,5.1,7.8,0.663,0.659,3.1,4.9,0.644,3.3,8.3,11.6,1.2,0.8,1.4,1.7,3.0,13.4
JORDAN GOODWIN,PG,24.0,WAS,62.0,7.0,17.8,2.5,5.7,0.448,0.6,1.9,0.322,1.9,3.8,0.511,0.501,0.9,1.1,0.768,0.9,2.4,3.3,2.7,0.9,0.4,0.9,1.5,6.6
AARON GORDON,PF,27.0,DEN,68.0,68.0,30.2,6.3,11.2,0.564,0.9,2.5,0.347,5.4,8.6,0.628,0.603,2.8,4.6,0.608,2.4,4.1,6.6,3.0,0.8,0.8,1.4,1.9,16.3
ERIC GORDON,SG,34.0,TOT,69.0,58.0,28.5,4.2,9.5,0.446,1.9,5.2,0.371,2.3,4.3,0.535,0.547,2.1,2.5,0.821,0.2,1.7,1.9,2.7,0.6,0.4,1.5,1.1,12.4
ERIC GORDON,SG,34.0,HOU,47.0,47.0,30.2,4.5,10.2,0.439,1.8,5.2,0.347,2.7,5.0,0.536,0.528,2.3,2.9,0.815,0.3,1.8,2.1,2.9,0.6,0.4,1.8,1.0,13.1
ERIC GORDON,SG,34.0,LAC,22.0,11.0,24.9,3.7,8.0,0.463,2.1,5.0,0.423,1.5,2.9,0.531,0.597,1.5,1.7,0.842,0.2,1.5,1.7,2.1,0.6,0.4,1.0,1.5,11.0
DEVONTE' GRAHAM,PG,27.0,TOT,73.0,8.0,18.3,2.2,5.9,0.374,1.6,4.6,0.352,0.6,1.3,0.452,0.512,1.3,1.8,0.748,0.3,1.4,1.7,2.7,0.6,0.2,0.7,1.1,7.4
DEVONTE' GRAHAM,PG,27.0,NOP,53.0,0.0,15.3,1.6,4.4,0.368,1.2,3.6,0.347,0.4,0.8,0.463,0.511,0.8,1.1,0.746,0.2,1.1,1.4,2.2,0.6,0.2,0.5,0.9,5.3
DEVONTE' GRAHAM,PG,27.0,SAS,20.0,8.0,26.4,3.8,10.0,0.38,2.7,7.4,0.358,1.2,2.6,0.442,0.513,2.7,3.6,0.75,0.4,2.2,2.5,4.0,0.8,0.3,1.3,1.6,13.0
JERAMI GRANT,PF,28.0,POR,63.0,63.0,35.7,6.9,14.5,0.475,2.3,5.7,0.401,4.6,8.8,0.523,0.554,4.4,5.4,0.813,0.8,3.7,4.5,2.4,0.8,0.8,1.8,2.4,20.5
RAIQUAN GRAY,PF,23.0,BRK,1.0,0.0,35.0,6.0,12.0,0.5,2.0,5.0,0.4,4.0,7.0,0.571,0.583,2.0,2.0,1.0,3.0,6.0,9.0,7.0,0.0,1.0,4.0,5.0,16.0
A.J. GREEN,SG,23.0,MIL,35.0,1.0,9.9,1.5,3.6,0.424,1.3,3.0,0.419,0.3,0.6,0.45,0.6,0.1,0.1,1.0,0.2,1.1,1.3,0.6,0.2,0.0,0.3,0.9,4.4
DANNY GREEN,SG,35.0,TOT,11.0,0.0,12.5,2.0,4.5,0.449,1.5,3.4,0.432,0.5,1.1,0.5,0.612,0.1,0.1,1.0,0.3,1.0,1.3,0.5,0.5,0.3,0.9,1.5,5.5
DANNY GREEN,SG,35.0,MEM,3.0,0.0,14.3,1.0,3.7,0.273,1.0,2.7,0.375,0.0,1.0,0.0,0.409,0.0,0.0,0.0,0.3,1.0,1.3,0.7,0.3,0.0,1.0,2.0,3.0
DANNY GREEN,SG,35.0,CLE,8.0,0.0,11.9,2.4,4.8,0.5,1.6,3.6,0.448,0.8,1.1,0.667,0.671,0.1,0.1,1.0,0.3,1.0,1.3,0.5,0.6,0.4,0.9,1.3,6.5
DRAYMOND GREEN,PF,32.0,GSW,73.0,73.0,31.5,3.4,6.5,0.527,0.5,1.8,0.305,2.9,4.7,0.612,0.57,1.1,1.5,0.713,0.9,6.3,7.2,6.8,1.0,0.8,2.8,3.1,8.5
JALEN GREEN,SG,20.0,HOU,76.0,76.0,34.2,7.4,17.9,0.416,2.5,7.3,0.338,5.0,10.6,0.471,0.485,4.8,6.1,0.786,0.6,3.2,3.7,3.7,0.8,0.2,2.6,1.7,22.1
JAMYCHAL GREEN,PF,32.0,GSW,57.0,1.0,14.0,2.4,4.4,0.54,0.7,1.9,0.378,1.6,2.5,0.667,0.623,0.9,1.2,0.776,1.3,2.3,3.6,0.9,0.4,0.4,0.9,1.8,6.4
JAVONTE GREEN,SF,29.0,CHI,32.0,1.0,15.0,1.9,3.4,0.565,0.4,1.1,0.371,1.5,2.3,0.658,0.625,0.9,1.4,0.667,0.8,1.9,2.8,0.7,0.8,0.7,0.6,1.6,5.2
JEFF GREEN,PF,36.0,DEN,56.0,4.0,19.5,2.9,5.9,0.488,0.5,1.9,0.288,2.3,4.0,0.58,0.534,1.6,2.1,0.744,0.7,1.9,2.6,1.2,0.3,0.3,0.8,1.8,7.8
,0,0.0,0,0.0,0.0,0.0,0.0,0.0,0.0,0.0,0.0,0.0,0.0,0.0,0.0,0.0,0.0,0.0,0.0,0.0,0.0,0.0,0.0,0.0,0.0,0.0,0.0,0.0
JOSH GREEN,SG,22.0,DAL,60.0,21.0,25.7,3.4,6.4,0.537,1.1,2.8,0.402,2.3,3.6,0.643,0.626,1.1,1.6,0.723,0.9,2.1,3.0,1.7,0.7,0.1,1.2,2.6,9.1
AJ GRIFFIN,SF,19.0,ATL,72.0,12.0,19.5,3.4,7.4,0.465,1.4,3.6,0.39,2.0,3.8,0.536,0.56,0.6,0.7,0.894,0.5,1.6,2.1,1.0,0.6,0.2,0.6,1.2,8.9
BLAKE GRIFFIN,C,33.0,BOS,41.0,16.0,13.9,1.5,3.2,0.485,0.6,1.6,0.348,1.0,1.6,0.625,0.573,0.5,0.8,0.656,1.1,2.6,3.8,1.5,0.3,0.2,0.5,1.8,4.1
QUENTIN GRIMES,SG,22.0,NYK,71.0,66.0,29.9,4.0,8.5,0.468,2.2,5.7,0.386,1.8,2.7,0.641,0.599,1.1,1.4,0.796,0.7,2.5,3.2,2.1,0.7,0.4,1.0,2.5,11.3
RUI HACHIMURA,PF,24.0,TOT,63.0,9.0,23.3,4.5,9.3,0.486,0.8,2.5,0.319,3.7,6.7,0.55,0.53,1.4,1.9,0.739,0.8,3.7,4.5,0.9,0.3,0.4,0.8,1.1,11.2
RUI HACHIMURA,PF,24.0,WAS,30.0,0.0,24.3,5.3,10.8,0.488,1.0,3.0,0.337,4.3,7.8,0.545,0.534,1.5,1.9,0.759,0.6,3.6,4.3,1.2,0.4,0.4,1.2,1.3,13.0
RUI HACHIMURA,PF,24.0,LAL,33.0,9.0,22.4,3.8,7.9,0.485,0.6,2.2,0.296,3.2,5.7,0.556,0.525,1.3,1.8,0.721,1.0,3.7,4.7,0.7,0.2,0.4,0.5,1.0,9.6
TYRESE HALIBURTON,PG,22.0,IND,56.0,56.0,33.6,7.4,15.0,0.49,2.9,7.2,0.4,4.5,7.8,0.572,0.586,3.1,3.6,0.871,0.6,3.1,3.7,10.4,1.6,0.4,2.5,1.2,20.7
JORDAN HALL,SF,21.0,SAS,9.0,0.0,9.2,1.0,3.1,0.321,0.3,1.7,0.2,0.7,1.4,0.462,0.375,0.8,1.0,0.778,0.3,1.0,1.3,1.2,0.1,0.0,0.8,0.7,3.1
R.J. HAMPTON,SG,21.0,TOT,47.0,3.0,16.0,2.2,5.0,0.43,0.9,2.5,0.353,1.3,2.6,0.504,0.517,1.2,1.6,0.75,0.4,1.5,1.9,1.1,0.6,0.2,0.9,1.1,6.4
R.J. HAMPTON,SG,21.0,ORL,26.0,0.0,13.9,1.9,4.4,0.439,0.7,2.0,0.34,1.2,2.3,0.525,0.518,1.2,1.4,0.838,0.3,1.2,1.5,1.3,0.6,0.2,0.8,0.8,5.7
R.J. HAMPTON,SG,21.0,DET,21.0,3.0,18.5,2.5,5.9,0.423,1.1,3.0,0.365,1.4,2.9,0.483,0.516,1.2,1.9,0.667,0.4,1.9,2.3,1.0,0.5,0.2,1.0,1.4,7.3
TIM HARDAWAY JR.,SF,30.0,DAL,71.0,45.0,30.3,4.8,11.9,0.401,3.0,7.7,0.385,1.8,4.2,0.431,0.527,1.8,2.3,0.77,0.3,3.2,3.5,1.8,0.7,0.2,0.8,1.7,14.4
JAMES HARDEN,PG,33.0,PHI,58.0,58.0,36.8,6.4,14.5,0.441,2.8,7.2,0.385,3.6,7.3,0.495,0.536,5.4,6.2,0.867,0.7,5.4,6.1,10.7,1.2,0.5,3.4,1.9,21.0
JADEN HARDY,SG,20.0,DAL,48.0,5.0,14.8,3.0,6.9,0.438,1.3,3.3,0.404,1.7,3.7,0.469,0.533,1.4,1.6,0.823,0.2,1.6,1.9,1.4,0.4,0.1,1.0,1.3,8.8
RON HARPER JR.,PF,22.0,TOR,9.0,0.0,5.3,0.9,1.8,0.5,0.3,1.0,0.333,0.6,0.8,0.714,0.594,0.1,0.1,1.0,0.3,0.4,0.8,0.4,0.0,0.1,0.0,0.3,2.2
MONTREZL HARRELL,C,29.0,PHI,57.0,7.0,11.9,2.2,3.7,0.598,0.0,0.1,0.0,2.2,3.6,0.616,0.598,1.2,1.8,0.693,1.2,1.6,2.8,0.6,0.3,0.4,0.6,1.3,5.6
GARY HARRIS,SG,28.0,ORL,48.0,42.0,24.7,2.9,6.4,0.45,2.0,4.5,0.431,0.9,1.9,0.494,0.603,0.6,0.6,0.9,0.4,1.6,2.0,1.2,0.9,0.3,0.6,1.9,8.3
JOE HARRIS,SF,31.0,BRK,74.0,33.0,20.6,2.7,5.9,0.457,1.9,4.5,0.426,0.8,1.4,0.551,0.618,0.2,0.4,0.643,0.3,1.9,2.2,1.4,0.5,0.2,0.6,1.9,7.6
KEVON HARRIS,SG,25.0,ORL,34.0,0.0,13.4,1.4,3.1,0.439,0.5,1.3,0.372,0.9,1.9,0.484,0.514,0.9,1.2,0.756,0.8,1.2,2.1,0.5,0.5,0.1,0.6,1.6,4.1
TOBIAS HARRIS,SF,30.0,PHI,74.0,74.0,32.9,5.7,11.4,0.501,1.7,4.4,0.389,4.0,7.0,0.57,0.575,1.5,1.7,0.876,0.9,4.8,5.7,2.5,0.9,0.5,1.2,2.0,14.7
SHAQUILLE HARRISON,SG,29.0,POR,5.0,0.0,24.0,3.0,7.2,0.417,0.6,2.0,0.3,2.4,5.2,0.462,0.458,2.2,3.0,0.733,0.2,4.2,4.4,6.0,2.2,0.4,1.2,2.4,8.8
JOSH HART,SF,27.0,TOT,76.0,52.0,32.3,3.6,6.8,0.529,0.8,2.2,0.372,2.8,4.7,0.601,0.588,1.7,2.3,0.75,1.9,5.9,7.8,3.8,1.2,0.3,1.5,2.6,9.8
JOSH HART,SF,27.0,POR,51.0,51.0,33.4,3.6,7.1,0.504,0.7,2.2,0.304,2.9,4.9,0.594,0.551,1.7,2.3,0.731,1.9,6.3,8.2,3.9,1.1,0.2,1.5,2.6,9.5
JOSH HART,SF,27.0,NYK,25.0,1.0,30.0,3.7,6.3,0.586,1.1,2.1,0.519,2.6,4.2,0.619,0.672,1.8,2.3,0.789,1.9,5.2,7.0,3.6,1.4,0.5,1.5,2.5,10.2
ISAIAH HARTENSTEIN,C,24.0,NYK,82.0,8.0,19.8,2.1,4.0,0.535,0.1,0.5,0.216,2.0,3.5,0.576,0.547,0.6,0.9,0.676,2.5,4.0,6.5,1.2,0.6,0.8,0.8,2.6,5.0
,0,0.0,0,0.0,0.0,0.0,0.0,0.0,0.0,0.0,0.0,0.0,0.0,0.0,0.0,0.0,0.0,0.0,0.0,0.0,0.0,0.0,0.0,0.0,0.0,0.0,0.0,0.0
UDONIS HASLEM,C,42.0,MIA,7.0,1.0,10.1,1.4,4.1,0.345,0.4,1.3,0.333,1.0,2.9,0.35,0.397,0.6,0.7,0.8,0.6,1.0,1.6,0.0,0.1,0.3,0.1,1.6,3.9
SAM HAUSER,SF,25.0,BOS,80.0,8.0,16.1,2.3,5.0,0.455,1.8,4.2,0.418,0.5,0.8,0.656,0.631,0.2,0.2,0.706,0.4,2.1,2.6,0.9,0.4,0.3,0.4,1.2,6.4
JAXSON HAYES,C,22.0,NOP,47.0,2.0,13.0,1.8,3.3,0.551,0.1,0.6,0.103,1.8,2.7,0.654,0.561,1.2,1.8,0.699,0.8,2.0,2.8,0.7,0.4,0.4,0.7,1.4,5.0
KILLIAN HAYES,PG,21.0,DET,76.0,56.0,28.3,4.0,10.7,0.377,1.1,3.8,0.28,3.0,7.0,0.429,0.426,1.2,1.5,0.821,0.4,2.5,2.9,6.2,1.4,0.4,2.3,2.9,10.3
GORDON HAYWARD,SF,32.0,CHO,50.0,50.0,31.5,5.5,11.6,0.475,1.0,3.2,0.325,4.5,8.4,0.532,0.52,2.6,3.2,0.811,0.7,3.6,4.3,4.1,0.8,0.2,2.0,1.4,14.7
JUANCHO HERNANGÓMEZ,PF,27.0,TOR,42.0,10.0,14.6,1.1,2.7,0.421,0.4,1.6,0.254,0.7,1.1,0.66,0.496,0.2,0.4,0.563,0.6,2.3,2.9,0.6,0.4,0.1,0.4,1.0,2.9
WILLY HERNANGÓMEZ,C,28.0,NOP,38.0,2.0,12.1,2.3,4.4,0.527,0.1,0.3,0.273,2.3,4.2,0.544,0.536,2.1,2.7,0.779,1.5,3.2,4.7,0.9,0.4,0.3,1.0,1.7,6.9
TYLER HERRO,SG,23.0,MIA,67.0,67.0,34.9,7.3,16.6,0.439,3.0,8.0,0.378,4.2,8.5,0.497,0.531,2.5,2.7,0.934,0.4,5.0,5.4,4.2,0.8,0.2,2.4,1.5,20.1
BUDDY HIELD,SF,30.0,IND,80.0,73.0,31.0,5.9,13.0,0.458,3.6,8.5,0.425,2.3,4.5,0.518,0.596,1.3,1.6,0.822,0.8,4.2,5.0,2.8,1.2,0.3,1.7,2.0,16.8
HAYWOOD HIGHSMITH,PF,26.0,MIA,54.0,11.0,17.9,1.7,4.0,0.431,0.7,2.0,0.339,1.0,2.0,0.523,0.516,0.2,0.5,0.464,1.1,2.4,3.5,0.8,0.7,0.3,0.8,1.5,4.4
GEORGE HILL,PG-SG,36.0,TOT,46.0,1.0,18.1,1.7,3.6,0.47,0.7,2.1,0.358,1.0,1.5,0.62,0.572,0.9,1.2,0.764,0.3,1.5,1.8,2.4,0.6,0.1,0.7,1.2,5.0
GEORGE HILL,PG,36.0,MIL,35.0,0.0,19.1,1.7,3.8,0.447,0.7,2.1,0.311,1.0,1.7,0.621,0.534,1.0,1.3,0.739,0.4,1.5,1.9,2.5,0.5,0.1,0.8,1.2,5.0
GEORGE HILL,SG,36.0,IND,11.0,1.0,15.1,1.7,3.1,0.559,1.0,1.9,0.524,0.7,1.2,0.615,0.721,0.7,0.8,0.889,0.2,1.5,1.6,1.9,0.6,0.3,0.6,1.3,5.2
MALCOLM HILL,SF,27.0,CHI,5.0,0.0,1.8,0.4,0.8,0.5,0.2,0.6,0.333,0.2,0.2,1.0,0.625,0.0,0.0,0.0,0.0,0.6,0.6,0.0,0.0,0.0,0.0,0.2,1.0
AARON HOLIDAY,PG,26.0,ATL,63.0,6.0,13.4,1.5,3.5,0.418,0.6,1.4,0.409,0.9,2.1,0.424,0.5,0.4,0.5,0.844,0.4,0.8,1.2,1.4,0.6,0.2,0.6,1.3,3.9
JRUE HOLIDAY,PG,32.0,MIL,67.0,65.0,32.6,7.3,15.3,0.479,2.4,6.1,0.384,5.0,9.1,0.542,0.556,2.3,2.6,0.859,1.2,3.9,5.1,7.4,1.2,0.4,2.9,1.7,19.3
JUSTIN HOLIDAY,SF,33.0,TOT,46.0,2.0,15.3,1.7,4.4,0.377,1.0,3.1,0.322,0.7,1.3,0.508,0.49,0.1,0.2,0.625,0.1,1.1,1.2,0.9,0.4,0.4,0.5,1.5,4.5
JUSTIN HOLIDAY,SF,33.0,ATL,28.0,0.0,14.7,1.7,4.5,0.384,1.1,3.1,0.345,0.6,1.4,0.474,0.504,0.0,0.0,0.0,0.1,0.8,0.8,0.9,0.2,0.4,0.4,1.3,4.5
JUSTIN HOLIDAY,SF,33.0,DAL,18.0,2.0,16.4,1.6,4.4,0.367,0.9,3.1,0.286,0.7,1.3,0.565,0.468,0.3,0.4,0.625,0.2,1.6,1.8,0.9,0.8,0.5,0.6,1.7,4.4
RICHAUN HOLMES,C,29.0,SAC,42.0,1.0,8.3,1.3,2.1,0.618,0.1,0.2,0.625,1.2,1.9,0.617,0.646,0.4,0.5,0.789,0.7,1.2,1.9,0.2,0.1,0.3,0.3,1.2,3.1
AL HORFORD,C,36.0,BOS,63.0,63.0,30.5,3.6,7.6,0.476,2.3,5.2,0.446,1.3,2.4,0.539,0.627,0.2,0.3,0.714,1.2,5.0,6.2,3.0,0.5,1.0,0.6,1.9,9.8
TALEN HORTON-TUCKER,SG,22.0,UTA,65.0,20.0,20.2,4.0,9.4,0.419,0.9,3.1,0.286,3.1,6.3,0.485,0.467,1.9,2.6,0.75,0.6,2.6,3.2,3.8,0.6,0.4,1.9,1.7,10.7
DANUEL HOUSE JR.,SF,29.0,PHI,56.0,5.0,14.4,1.7,3.5,0.472,0.7,2.0,0.336,1.0,1.6,0.644,0.566,0.8,1.1,0.75,0.2,1.5,1.7,0.8,0.3,0.2,0.5,1.2,4.8
CALEB HOUSTAN,SF,20.0,ORL,51.0,4.0,15.9,1.3,3.6,0.363,0.9,2.7,0.338,0.4,0.9,0.435,0.489,0.3,0.4,0.833,0.7,1.3,1.9,0.6,0.2,0.1,0.4,1.2,3.8
,0,0.0,0,0.0,0.0,0.0,0.0,0.0,0.0,0.0,0.0,0.0,0.0,0.0,0.0,0.0,0.0,0.0,0.0,0.0,0.0,0.0,0.0,0.0,0.0,0.0,0.0,0.0
TREVOR HUDGINS,PG,23.0,HOU,5.0,0.0,5.6,0.4,1.8,0.222,0.4,1.6,0.25,0.0,0.2,0.0,0.333,0.6,0.6,1.0,0.0,0.0,0.0,0.6,0.0,0.0,0.2,0.2,1.8
KEVIN HUERTER,SG,24.0,SAC,75.0,75.0,29.4,5.6,11.5,0.485,2.7,6.8,0.402,2.9,4.7,0.604,0.603,1.3,1.7,0.725,0.6,2.8,3.3,2.9,1.1,0.3,1.3,2.4,15.2
JAY HUFF,C,24.0,WAS,7.0,0.0,13.6,2.1,3.6,0.6,0.9,1.7,0.5,1.3,1.9,0.692,0.72,2.1,2.3,0.938,0.9,2.1,3.0,1.4,0.4,0.6,0.7,2.1,7.3
DE'ANDRE HUNTER,SF,25.0,ATL,67.0,67.0,31.7,5.7,12.3,0.461,1.5,4.3,0.35,4.2,8.0,0.521,0.522,2.6,3.1,0.826,0.7,3.6,4.2,1.4,0.5,0.3,1.2,3.0,15.4
BONES HYLAND,PG,22.0,TOT,56.0,1.0,19.4,4.1,10.2,0.399,2.1,5.6,0.371,2.0,4.6,0.434,0.502,1.5,1.8,0.843,0.4,2.1,2.4,3.1,0.7,0.3,1.5,1.7,11.8
BONES HYLAND,PG,22.0,DEN,42.0,1.0,19.5,4.1,10.3,0.399,2.2,5.7,0.378,2.0,4.6,0.425,0.503,1.7,2.0,0.866,0.2,1.8,2.0,3.0,0.7,0.3,1.6,1.6,12.1
BONES HYLAND,PG,22.0,LAC,14.0,0.0,18.9,3.9,9.8,0.401,1.9,5.3,0.351,2.1,4.5,0.46,0.496,1.1,1.4,0.75,0.7,2.8,3.5,3.4,0.8,0.1,1.1,2.1,10.8
SERGE IBAKA,C,33.0,MIL,16.0,0.0,11.6,1.6,3.4,0.481,0.4,1.1,0.333,1.3,2.3,0.556,0.537,0.5,0.8,0.615,0.9,1.8,2.8,0.3,0.1,0.4,0.7,1.4,4.1
ANDRE IGUODALA,PF,39.0,GSW,8.0,0.0,14.1,0.9,1.9,0.467,0.1,1.1,0.111,0.8,0.8,1.0,0.5,0.3,0.4,0.667,0.4,1.8,2.1,2.4,0.5,0.4,1.1,1.4,2.1
JOE INGLES,SF,35.0,MIL,46.0,0.0,22.7,2.3,5.4,0.435,1.8,4.4,0.409,0.5,1.0,0.556,0.603,0.4,0.5,0.857,0.3,2.5,2.8,3.3,0.7,0.1,1.2,1.6,6.9
BRANDON INGRAM,SF,25.0,NOP,45.0,45.0,34.2,9.0,18.6,0.484,1.4,3.6,0.39,7.6,14.9,0.507,0.522,5.3,6.0,0.882,0.5,5.0,5.5,5.8,0.7,0.4,3.3,2.6,24.7
KYRIE IRVING,PG-SG,30.0,TOT,60.0,60.0,37.4,9.9,20.1,0.494,3.1,8.3,0.379,6.8,11.8,0.574,0.572,4.1,4.6,0.905,1.0,4.1,5.1,5.5,1.1,0.8,2.1,2.8,27.1
KYRIE IRVING,PG,30.0,BRK,40.0,40.0,37.0,10.0,20.5,0.486,3.3,8.7,0.374,6.7,11.8,0.569,0.565,4.0,4.5,0.883,1.0,4.2,5.1,5.3,1.0,0.8,2.3,2.7,27.1
KYRIE IRVING,SG,30.0,DAL,20.0,20.0,38.2,9.8,19.2,0.51,2.9,7.4,0.392,6.9,11.8,0.585,0.586,4.5,4.7,0.947,1.1,4.0,5.0,6.0,1.3,0.6,1.9,2.8,27.0
JONATHAN ISAAC,PF,25.0,ORL,11.0,0.0,11.3,2.0,4.8,0.415,0.5,1.4,0.4,1.5,3.5,0.421,0.472,0.5,0.8,0.556,1.4,2.6,4.0,0.5,1.3,0.4,0.4,0.5,5.0
JADEN IVEY,SG,20.0,DET,74.0,73.0,31.1,5.5,13.3,0.416,1.6,4.7,0.343,3.9,8.6,0.457,0.477,3.6,4.8,0.747,1.0,2.9,3.9,5.2,0.8,0.2,3.2,3.3,16.3
FRANK JACKSON,PG,24.0,UTA,1.0,0.0,5.0,0.0,3.0,0.0,0.0,1.0,0.0,0.0,2.0,0.0,0.0,0.0,0.0,0.0,1.0,1.0,2.0,1.0,0.0,0.0,0.0,0.0,0.0
ISAIAH JACKSON,C,21.0,IND,63.0,12.0,16.5,2.8,5.0,0.563,0.0,0.2,0.143,2.8,4.8,0.582,0.566,1.5,2.3,0.651,1.8,2.7,4.5,0.8,0.5,1.5,0.8,2.4,7.2
JAREN JACKSON JR.,C,23.0,MEM,63.0,63.0,28.4,6.6,13.0,0.506,1.6,4.5,0.355,5.0,8.6,0.585,0.567,3.8,4.9,0.788,1.7,5.0,6.8,1.0,1.0,3.0,1.7,3.6,18.6
JUSTIN JACKSON,SF,27.0,BOS,23.0,0.0,4.7,0.3,1.2,0.259,0.2,0.9,0.25,0.1,0.3,0.286,0.352,0.0,0.1,0.5,0.1,0.7,0.7,0.4,0.2,0.2,0.1,0.3,0.9
QUENTON JACKSON,PG,24.0,WAS,9.0,0.0,15.0,2.1,4.7,0.452,0.1,1.3,0.083,2.0,3.3,0.6,0.464,1.9,2.4,0.773,0.2,0.7,0.9,1.7,0.4,0.1,0.4,1.1,6.2
REGGIE JACKSON,PG,32.0,TOT,68.0,40.0,24.4,3.9,9.4,0.411,1.4,4.2,0.333,2.5,5.2,0.474,0.486,1.0,1.1,0.91,0.4,1.8,2.1,3.4,0.7,0.1,1.7,1.7,10.2
REGGIE JACKSON,PG,32.0,LAC,52.0,38.0,25.7,4.1,9.8,0.418,1.5,4.2,0.35,2.6,5.6,0.469,0.493,1.2,1.3,0.924,0.4,1.8,2.2,3.5,0.7,0.1,1.8,1.8,10.9
REGGIE JACKSON,PG,32.0,DEN,16.0,2.0,19.9,3.1,8.0,0.383,1.2,4.3,0.279,1.9,3.8,0.5,0.457,0.6,0.8,0.833,0.2,1.6,1.8,3.1,0.6,0.1,1.2,1.4,7.9
LEBRON JAMES,PF,38.0,LAL,55.0,54.0,35.5,11.1,22.2,0.5,2.2,6.9,0.321,8.9,15.3,0.58,0.549,4.6,5.9,0.768,1.2,7.1,8.3,6.8,0.9,0.6,3.2,1.6,28.9
TY JEROME,SG,25.0,GSW,45.0,2.0,18.1,2.6,5.4,0.488,0.8,2.0,0.389,1.8,3.4,0.546,0.56,0.8,0.9,0.927,0.2,1.6,1.7,3.0,0.5,0.1,0.7,1.4,6.9
,0,0.0,0,0.0,0.0,0.0,0.0,0.0,0.0,0.0,0.0,0.0,0.0,0.0,0.0,0.0,0.0,0.0,0.0,0.0,0.0,0.0,0.0,0.0,0.0,0.0,0.0,0.0
ISAIAH JOE,SG,23.0,OKC,73.0,10.0,19.1,3.1,7.0,0.441,2.2,5.4,0.409,0.9,1.6,0.553,0.599,1.1,1.4,0.82,0.4,2.0,2.4,1.2,0.7,0.1,0.5,1.4,9.5
ALIZE JOHNSON,PF,26.0,SAS,4.0,0.0,7.5,0.8,1.5,0.5,0.0,0.5,0.0,0.8,1.0,0.75,0.5,0.3,0.5,0.5,0.5,2.0,2.5,0.3,0.3,0.0,1.0,0.8,1.8
CAMERON JOHNSON,PF,26.0,TOT,42.0,41.0,28.5,5.3,11.3,0.47,2.5,6.1,0.404,2.9,5.2,0.548,0.579,2.4,2.9,0.842,0.8,3.6,4.4,1.9,1.2,0.3,0.9,2.0,15.5
CAMERON JOHNSON,PF,26.0,PHO,17.0,16.0,25.2,4.8,10.2,0.474,2.6,5.8,0.455,2.2,4.4,0.5,0.604,1.6,1.9,0.818,0.8,3.0,3.8,1.5,0.9,0.4,0.6,1.7,13.9
CAMERON JOHNSON,PF,26.0,BRK,25.0,25.0,30.8,5.6,12.0,0.468,2.3,6.2,0.372,3.3,5.8,0.572,0.565,3.0,3.5,0.851,0.8,4.0,4.8,2.1,1.4,0.3,1.1,2.2,16.6
JALEN JOHNSON,SF,21.0,ATL,70.0,6.0,14.9,2.3,4.6,0.491,0.4,1.5,0.288,1.8,3.1,0.587,0.537,0.7,1.1,0.628,0.7,3.3,4.0,1.2,0.5,0.5,0.6,1.6,5.6
JAMES JOHNSON,PF,35.0,IND,18.0,1.0,9.0,1.2,2.7,0.449,0.2,0.8,0.2,1.1,1.9,0.559,0.48,0.2,0.4,0.5,0.2,1.4,1.7,0.8,0.4,0.3,0.4,1.8,2.8
KELDON JOHNSON,SF,23.0,SAS,63.0,63.0,32.7,8.0,17.7,0.452,2.1,6.5,0.329,5.9,11.2,0.523,0.512,3.9,5.2,0.749,0.9,4.2,5.0,2.9,0.7,0.2,2.1,2.0,22.0
KEON JOHNSON,SG,20.0,POR,40.0,0.0,10.4,1.7,4.5,0.376,0.7,2.0,0.346,1.0,2.4,0.402,0.455,0.7,1.0,0.659,0.3,0.8,1.1,1.5,0.5,0.2,1.1,1.1,4.7
STANLEY JOHNSON,SF,26.0,SAS,30.0,0.0,15.6,2.2,4.1,0.533,0.6,1.3,0.45,1.6,2.7,0.573,0.607,0.9,1.3,0.667,0.7,2.4,3.2,2.2,0.5,0.2,1.1,1.6,5.8
NIKOLA JOKIĆ,C,27.0,DEN,69.0,69.0,33.7,9.4,14.8,0.632,0.8,2.2,0.383,8.5,12.7,0.675,0.66,4.9,6.0,0.822,2.4,9.4,11.8,9.8,1.3,0.7,3.6,2.5,24.5
CARLIK JONES,PG,25.0,CHI,7.0,0.0,8.0,0.9,2.1,0.4,0.4,0.9,0.5,0.4,1.3,0.333,0.5,0.7,1.1,0.625,0.1,0.6,0.7,0.9,0.3,0.0,0.3,0.3,2.9
DAMIAN JONES,C,27.0,TOT,41.0,1.0,11.6,1.3,2.1,0.64,0.2,0.4,0.588,1.1,1.7,0.652,0.698,0.5,0.7,0.759,1.0,2.0,3.0,0.4,0.2,0.5,0.6,1.3,3.5
DAMIAN JONES,C,27.0,LAL,22.0,1.0,8.0,0.9,1.7,0.541,0.0,0.1,0.0,0.9,1.5,0.588,0.541,0.7,0.9,0.75,0.8,1.7,2.5,0.2,0.1,0.5,0.4,0.8,2.5
DAMIAN JONES,C,27.0,UTA,19.0,0.0,15.8,1.8,2.6,0.714,0.5,0.7,0.714,1.3,1.8,0.714,0.816,0.4,0.5,0.778,1.3,2.3,3.5,0.6,0.3,0.5,0.7,2.0,4.6
DERRICK JONES JR.,PF,25.0,CHI,64.0,0.0,14.0,1.8,3.6,0.5,0.4,1.3,0.338,1.4,2.3,0.587,0.559,1.0,1.3,0.738,0.9,1.5,2.4,0.5,0.5,0.6,0.4,1.3,5.0
HERBERT JONES,PF,24.0,NOP,66.0,66.0,29.6,3.6,7.6,0.469,0.8,2.5,0.335,2.7,5.1,0.536,0.525,1.9,2.4,0.764,1.5,2.6,4.1,2.5,1.6,0.6,1.3,3.2,9.8
KAI JONES,C,22.0,CHO,46.0,0.0,12.0,1.5,2.6,0.558,0.1,0.4,0.211,1.4,2.2,0.624,0.575,0.4,0.6,0.731,0.8,1.9,2.7,0.3,0.4,0.7,0.7,1.4,3.4
TRE JONES,PG,23.0,SAS,68.0,65.0,29.2,5.0,10.9,0.459,0.7,2.3,0.285,4.4,8.6,0.506,0.489,2.2,2.5,0.86,0.8,2.8,3.6,6.6,1.3,0.1,1.6,1.4,12.9
TYUS JONES,PG,26.0,MEM,80.0,22.0,24.3,3.9,8.9,0.438,1.5,4.1,0.371,2.4,4.8,0.495,0.523,1.0,1.3,0.8,0.4,2.2,2.5,5.2,1.0,0.1,0.9,0.4,10.3
DEANDRE JORDAN,C,34.0,DEN,39.0,8.0,15.0,2.3,2.9,0.765,0.0,0.0,1.0,2.2,2.9,0.763,0.77,0.6,1.2,0.458,1.3,3.8,5.2,0.9,0.3,0.6,1.2,1.8,5.1
CORY JOSEPH,PG,31.0,DET,62.0,2.0,19.8,2.4,5.7,0.427,1.1,2.9,0.389,1.3,2.8,0.468,0.527,0.9,1.2,0.792,0.3,1.4,1.7,3.5,0.5,0.1,0.9,1.4,6.9
NIKOLA JOVIĆ,PF,19.0,MIA,15.0,8.0,13.6,1.9,4.6,0.406,0.5,2.3,0.229,1.3,2.3,0.588,0.464,1.2,1.3,0.947,0.6,1.5,2.1,0.7,0.5,0.1,0.7,1.3,5.5
JOHNNY JUZANG,SG,21.0,UTA,18.0,0.0,12.9,1.9,5.8,0.337,0.8,3.5,0.238,1.1,2.3,0.488,0.409,0.1,0.2,0.5,0.4,1.7,2.2,0.4,0.2,0.2,0.2,0.7,4.8
,0,0.0,0,0.0,0.0,0.0,0.0,0.0,0.0,0.0,0.0,0.0,0.0,0.0,0.0,0.0,0.0,0.0,0.0,0.0,0.0,0.0,0.0,0.0,0.0,0.0,0.0,0.0
MFIONDU KABENGELE,PF,25.0,BOS,4.0,0.0,9.0,0.5,1.8,0.286,0.0,0.8,0.0,0.5,1.0,0.5,0.286,0.5,0.5,1.0,1.3,1.3,2.5,0.0,0.5,0.0,0.3,0.8,1.5
FRANK KAMINSKY,C,29.0,TOT,36.0,0.0,6.5,0.9,1.8,0.492,0.4,0.9,0.394,0.5,0.8,0.6,0.595,0.4,0.4,0.875,0.2,1.3,1.4,0.9,0.2,0.1,0.3,0.6,2.5
FRANK KAMINSKY,C,29.0,ATL,26.0,0.0,6.8,1.0,1.7,0.568,0.4,0.9,0.478,0.5,0.8,0.667,0.693,0.4,0.5,0.833,0.1,1.3,1.4,0.8,0.2,0.0,0.3,0.8,2.7
FRANK KAMINSKY,C,29.0,HOU,10.0,0.0,5.9,0.6,1.9,0.316,0.2,1.0,0.2,0.4,0.9,0.444,0.368,0.4,0.4,1.0,0.4,1.2,1.6,1.1,0.1,0.3,0.0,0.1,1.8
TREVOR KEELS,SG,19.0,NYK,3.0,0.0,2.7,0.3,1.3,0.25,0.3,1.3,0.25,0.0,0.0,0.0,0.375,0.0,0.0,0.0,0.0,0.7,0.7,0.0,0.0,0.0,0.0,0.0,1.0
LUKE KENNARD,SG,26.0,TOT,59.0,14.0,22.3,3.2,6.5,0.492,2.3,4.6,0.494,0.9,1.9,0.487,0.666,0.6,0.7,0.949,0.3,2.4,2.7,1.5,0.5,0.1,0.8,1.4,9.3
LUKE KENNARD,SG,26.0,LAC,35.0,11.0,20.7,2.8,6.0,0.464,1.7,3.8,0.447,1.1,2.3,0.494,0.604,0.5,0.6,0.95,0.2,2.2,2.4,1.1,0.5,0.1,0.9,1.3,7.8
LUKE KENNARD,SG,26.0,MEM,24.0,3.0,24.6,3.8,7.1,0.526,3.1,5.7,0.54,0.7,1.4,0.471,0.743,0.8,0.8,0.947,0.4,2.8,3.1,2.3,0.5,0.0,0.7,1.5,11.3
WALKER KESSLER,C,21.0,UTA,74.0,40.0,23.0,4.0,5.6,0.72,0.0,0.0,0.333,4.0,5.6,0.723,0.721,1.1,2.1,0.516,3.1,5.3,8.4,0.9,0.4,2.3,0.8,2.3,9.2
BRAXTON KEY,SF,25.0,DET,3.0,0.0,3.0,0.3,0.3,1.0,0.0,0.0,0.0,0.3,0.3,1.0,1.0,0.7,0.7,1.0,0.0,0.3,0.3,0.0,0.0,0.0,0.0,0.0,1.3
LOUIS KING,PF,23.0,PHI,1.0,0.0,29.0,8.0,13.0,0.615,4.0,8.0,0.5,4.0,5.0,0.8,0.769,0.0,1.0,0.0,2.0,2.0,4.0,2.0,1.0,0.0,2.0,4.0,20.0
COREY KISPERT,SF,23.0,WAS,74.0,45.0,28.3,3.9,7.9,0.497,2.2,5.2,0.424,1.7,2.7,0.637,0.637,1.0,1.2,0.852,0.4,2.4,2.8,1.2,0.4,0.1,0.7,1.3,11.1
MAXI KLEBER,PF,31.0,DAL,37.0,5.0,25.1,2.1,4.6,0.456,1.1,3.0,0.348,1.0,1.5,0.667,0.571,0.7,1.0,0.711,0.8,2.8,3.6,1.4,0.3,0.8,0.7,2.3,5.9
NATHAN KNIGHT,C,25.0,MIN,38.0,0.0,7.7,1.2,2.1,0.568,0.2,0.6,0.364,1.0,1.6,0.644,0.617,1.0,1.5,0.684,0.6,0.9,1.5,0.3,0.3,0.2,0.6,1.1,3.7
KEVIN KNOX,SF-PF,23.0,TOT,63.0,5.0,15.1,2.4,5.3,0.458,1.0,3.0,0.349,1.4,2.3,0.596,0.556,0.7,1.0,0.767,0.5,2.3,2.8,0.5,0.4,0.2,0.8,1.5,6.6
KEVIN KNOX,SF,23.0,DET,42.0,1.0,14.1,2.0,4.3,0.469,1.0,2.8,0.371,1.0,1.5,0.651,0.589,0.6,0.8,0.788,0.5,2.1,2.6,0.4,0.3,0.3,0.8,1.8,5.6
KEVIN KNOX,PF,23.0,POR,21.0,4.0,17.1,3.2,7.3,0.444,1.0,3.3,0.314,2.2,4.0,0.554,0.516,1.0,1.3,0.741,0.7,2.6,3.3,0.9,0.5,0.0,0.9,1.0,8.5
CHRISTIAN KOLOKO,C,22.0,TOR,58.0,19.0,13.8,1.2,2.6,0.48,0.0,0.2,0.083,1.2,2.4,0.514,0.483,0.6,1.0,0.627,1.4,1.5,2.9,0.5,0.4,1.0,0.3,2.2,3.1
JOHN KONCHAR,SF,26.0,MEM,72.0,23.0,20.8,1.9,4.4,0.431,0.8,2.5,0.339,1.1,2.0,0.545,0.525,0.4,0.5,0.778,0.9,3.4,4.3,1.4,1.1,0.3,0.5,1.6,5.1
FURKAN KORKMAZ,SG,25.0,PHI,37.0,0.0,9.5,1.3,3.0,0.432,0.5,1.2,0.391,0.8,1.8,0.462,0.514,0.7,1.0,0.722,0.2,1.0,1.1,0.6,0.3,0.1,0.6,0.5,3.8
LUKE KORNET,C,27.0,BOS,69.0,0.0,11.7,1.6,2.5,0.665,0.0,0.2,0.231,1.6,2.3,0.701,0.674,0.5,0.6,0.821,1.2,1.6,2.9,0.8,0.2,0.7,0.4,1.2,3.8
VIT KREJCI,PG,22.0,ATL,29.0,0.0,5.7,0.5,1.3,0.405,0.2,0.7,0.238,0.3,0.6,0.625,0.473,0.0,0.1,0.5,0.2,0.7,0.9,0.6,0.2,0.0,0.2,0.6,1.2
JONATHAN KUMINGA,PF,20.0,GSW,67.0,16.0,20.8,3.9,7.4,0.525,0.8,2.2,0.37,3.1,5.2,0.59,0.579,1.3,2.1,0.652,1.0,2.4,3.4,1.9,0.6,0.5,1.4,2.3,9.9
KYLE KUZMA,PF,27.0,WAS,64.0,64.0,35.0,8.0,17.8,0.448,2.5,7.5,0.333,5.5,10.3,0.533,0.518,2.7,3.7,0.73,0.9,6.4,7.2,3.7,0.6,0.5,3.0,2.3,21.2
ANTHONY LAMB,SF,25.0,GSW,62.0,4.0,19.3,2.4,5.1,0.471,1.2,3.2,0.367,1.2,1.9,0.652,0.588,0.7,1.0,0.767,0.9,2.6,3.5,1.5,0.5,0.3,0.9,2.2,6.7
JOCK LANDALE,C,27.0,PHO,69.0,4.0,14.2,2.6,4.9,0.528,0.3,1.2,0.25,2.3,3.7,0.621,0.559,1.1,1.5,0.752,1.7,2.3,4.1,1.0,0.2,0.4,0.9,1.8,6.6
,0,0.0,0,0.0,0.0,0.0,0.0,0.0,0.0,0.0,0.0,0.0,0.0,0.0,0.0,0.0,0.0,0.0,0.0,0.0,0.0,0.0,0.0,0.0,0.0,0.0,0.0,0.0
ROMEO LANGFORD,SG,23.0,SAS,43.0,21.0,19.6,2.8,6.0,0.467,0.4,1.4,0.262,2.4,4.6,0.53,0.498,0.9,1.3,0.696,1.3,1.3,2.7,1.2,0.6,0.3,0.7,1.6,6.9
JAKE LARAVIA,PF,21.0,MEM,35.0,0.0,11.8,1.1,2.7,0.389,0.7,2.0,0.338,0.4,0.7,0.542,0.516,0.2,0.3,0.778,0.5,1.3,1.8,0.6,0.3,0.1,0.5,1.4,3.0
ZACH LAVINE,SG,27.0,CHI,77.0,77.0,35.9,8.7,18.0,0.485,2.6,7.1,0.375,6.1,11.0,0.556,0.558,4.7,5.6,0.848,0.5,3.9,4.5,4.2,0.9,0.2,2.5,2.1,24.8
A.J. LAWSON,SG,22.0,TOT,15.0,0.0,7.2,1.5,2.9,0.5,0.7,1.7,0.4,0.8,1.3,0.632,0.614,0.1,0.5,0.25,0.4,1.0,1.4,0.1,0.1,0.0,0.2,0.7,3.7
A.J. LAWSON,SG,22.0,MIN,1.0,0.0,2.0,1.0,1.0,1.0,0.0,0.0,0.0,1.0,1.0,1.0,1.0,0.0,0.0,0.0,0.0,1.0,1.0,0.0,0.0,0.0,0.0,1.0,2.0
A.J. LAWSON,SG,22.0,DAL,14.0,0.0,7.6,1.5,3.1,0.488,0.7,1.8,0.4,0.8,1.3,0.611,0.605,0.1,0.6,0.25,0.4,1.0,1.4,0.1,0.1,0.0,0.2,0.7,3.9
DAMION LEE,SG,30.0,PHO,74.0,5.0,20.4,2.7,6.1,0.442,1.5,3.3,0.445,1.2,2.8,0.439,0.564,1.3,1.4,0.904,0.5,2.5,3.0,1.3,0.4,0.1,1.1,1.6,8.2
SABEN LEE,PG,23.0,TOT,25.0,1.0,14.9,2.0,4.8,0.405,0.4,1.2,0.367,1.5,3.6,0.418,0.45,1.7,2.3,0.737,0.5,1.3,1.8,2.7,0.8,0.0,1.0,1.3,6.0
SABEN LEE,PG,23.0,PHI,2.0,0.0,5.0,1.5,2.0,0.75,0.0,0.5,0.0,1.5,1.5,1.0,0.75,0.0,0.0,0.0,0.0,0.0,0.0,1.0,0.5,0.0,1.5,0.5,3.0
SABEN LEE,PG,23.0,PHO,23.0,1.0,15.8,2.0,5.1,0.393,0.5,1.3,0.379,1.5,3.8,0.398,0.44,1.8,2.5,0.737,0.6,1.4,2.0,2.8,0.8,0.0,0.9,1.3,6.3
ALEX LEN,C,29.0,SAC,26.0,2.0,6.2,0.6,1.2,0.533,0.0,0.1,0.0,0.6,1.1,0.571,0.533,0.4,0.6,0.688,0.9,1.4,2.3,0.5,0.2,0.4,0.6,1.1,1.7
KAWHI LEONARD,SF,31.0,LAC,52.0,50.0,33.6,8.6,16.8,0.512,2.0,4.8,0.416,6.6,11.9,0.551,0.572,4.7,5.4,0.871,1.1,5.4,6.5,3.9,1.4,0.5,1.7,1.6,23.8
MEYERS LEONARD,C,30.0,MIL,9.0,2.0,12.7,1.6,3.2,0.483,0.8,2.0,0.389,0.8,1.2,0.636,0.603,0.9,1.0,0.889,1.3,2.4,3.8,0.1,0.2,0.0,0.7,1.8,4.8
CARIS LEVERT,SG,28.0,CLE,74.0,30.0,30.2,4.3,10.0,0.431,1.7,4.4,0.392,2.6,5.6,0.462,0.517,1.8,2.4,0.722,0.7,3.1,3.8,3.9,1.0,0.3,1.6,2.3,12.1
KIRA LEWIS JR.,PG,21.0,NOP,25.0,0.0,9.4,1.6,3.5,0.455,0.6,1.4,0.441,1.0,2.2,0.463,0.54,0.8,0.9,0.864,0.2,1.1,1.3,0.9,0.4,0.1,0.4,1.0,4.6
DAMIAN LILLARD,PG,32.0,POR,58.0,58.0,36.3,9.6,20.7,0.463,4.2,11.3,0.371,5.4,9.4,0.574,0.564,8.8,9.6,0.914,0.8,4.0,4.8,7.3,0.9,0.3,3.3,1.9,32.2
NASSIR LITTLE,SF,22.0,POR,54.0,4.0,18.1,2.5,5.6,0.442,1.1,2.9,0.367,1.4,2.7,0.524,0.538,0.6,0.9,0.717,0.5,2.1,2.6,0.9,0.4,0.4,0.7,1.2,6.6
ISAIAH LIVERS,PF,24.0,DET,52.0,22.0,23.1,2.3,5.5,0.417,1.4,3.9,0.365,0.9,1.6,0.541,0.545,0.6,0.8,0.821,0.5,2.2,2.8,0.8,0.5,0.5,0.6,2.0,6.7
KENNETH LOFTON JR.,PF,20.0,MEM,24.0,1.0,7.3,2.0,3.9,0.527,0.3,0.7,0.353,1.8,3.2,0.566,0.559,0.7,1.1,0.593,0.8,1.3,2.1,0.8,0.2,0.1,0.5,1.2,5.0
KEVON LOONEY,C,26.0,GSW,82.0,70.0,23.9,3.0,4.7,0.63,0.0,0.0,0.0,3.0,4.7,0.632,0.63,1.1,1.9,0.606,3.3,5.9,9.3,2.5,0.6,0.6,0.5,2.7,7.0
BROOK LOPEZ,C,34.0,MIL,78.0,78.0,30.4,6.1,11.5,0.531,1.7,4.7,0.374,4.4,6.9,0.637,0.606,1.9,2.4,0.784,2.0,4.7,6.7,1.3,0.5,2.5,1.4,2.6,15.9
ROBIN LOPEZ,C,34.0,CLE,37.0,2.0,8.1,1.3,2.0,0.64,0.1,0.1,0.5,1.2,1.9,0.648,0.653,0.4,0.5,0.778,0.6,0.8,1.4,0.5,0.1,0.2,0.7,1.2,3.0
KEVIN LOVE,PF,34.0,TOT,62.0,20.0,20.0,2.7,6.8,0.389,1.6,4.8,0.334,1.1,2.1,0.516,0.506,1.3,1.5,0.879,1.0,5.5,6.4,1.9,0.3,0.2,1.1,1.6,8.2
KEVIN LOVE,PF,34.0,CLE,41.0,3.0,20.0,2.7,7.0,0.389,1.7,4.8,0.354,1.0,2.2,0.467,0.511,1.4,1.5,0.889,1.0,5.8,6.8,1.9,0.2,0.2,1.1,1.6,8.5
KEVIN LOVE,PF,34.0,MIA,21.0,17.0,20.0,2.6,6.6,0.388,1.4,4.8,0.297,1.1,1.8,0.632,0.496,1.1,1.3,0.857,0.8,4.9,5.7,1.9,0.4,0.2,1.1,1.5,7.7
KYLE LOWRY,PG,36.0,MIA,55.0,44.0,31.2,3.6,8.8,0.404,1.9,5.6,0.345,1.6,3.2,0.509,0.514,2.1,2.5,0.859,0.8,3.3,4.1,5.1,1.0,0.4,1.9,2.6,11.2
,0,0.0,0,0.0,0.0,0.0,0.0,0.0,0.0,0.0,0.0,0.0,0.0,0.0,0.0,0.0,0.0,0.0,0.0,0.0,0.0,0.0,0.0,0.0,0.0,0.0,0.0,0.0
TREY LYLES,PF,27.0,SAC,74.0,0.0,16.9,2.5,5.5,0.458,1.2,3.2,0.363,1.4,2.3,0.595,0.565,1.4,1.7,0.815,0.9,3.1,4.1,0.9,0.4,0.4,0.9,1.3,7.6
THÉO MALEDON,PG,21.0,CHO,44.0,7.0,19.4,2.3,5.8,0.402,0.6,2.2,0.295,1.7,3.6,0.465,0.457,1.4,1.7,0.851,0.3,2.5,2.8,3.5,0.8,0.3,1.3,1.4,6.7
SANDRO MAMUKELASHVILI,C,23.0,TOT,43.0,7.0,15.3,2.3,5.3,0.422,0.7,2.3,0.303,1.6,3.0,0.511,0.487,0.9,1.3,0.684,1.6,2.7,4.3,1.4,0.3,0.3,0.8,1.2,6.1
SANDRO MAMUKELASHVILI,C,23.0,MIL,24.0,0.0,9.0,0.8,2.4,0.328,0.3,1.3,0.219,0.5,1.1,0.462,0.388,0.5,0.8,0.667,0.8,1.6,2.3,0.7,0.2,0.2,0.4,0.8,2.4
SANDRO MAMUKELASHVILI,C,23.0,SAS,19.0,7.0,23.3,4.1,9.1,0.453,1.2,3.5,0.343,2.9,5.5,0.524,0.52,1.4,2.1,0.692,2.7,4.1,6.8,2.4,0.5,0.4,1.4,1.7,10.8
TERANCE MANN,SG,26.0,LAC,81.0,36.0,23.1,3.4,6.5,0.519,1.0,2.4,0.389,2.4,4.0,0.598,0.593,1.1,1.5,0.78,1.0,2.5,3.4,2.3,0.5,0.3,1.0,1.8,8.8
TRE MANN,PG,21.0,OKC,67.0,5.0,17.7,2.9,7.5,0.393,1.2,3.8,0.315,1.7,3.6,0.475,0.474,0.6,0.8,0.764,0.4,1.9,2.3,1.8,0.6,0.2,0.9,1.5,7.7
BOBAN MARJANOVIĆ,C,34.0,HOU,31.0,0.0,5.5,1.3,1.9,0.683,0.0,0.0,0.0,1.3,1.9,0.695,0.683,0.6,0.9,0.741,0.6,1.3,1.9,0.3,0.2,0.1,0.5,0.3,3.3
LAURI MARKKANEN,PF,25.0,UTA,66.0,66.0,34.4,8.7,17.3,0.499,3.0,7.7,0.391,5.6,9.6,0.585,0.586,5.3,6.0,0.875,2.0,6.7,8.6,1.9,0.6,0.6,1.9,2.1,25.6
NAJI MARSHALL,SF,25.0,NOP,77.0,21.0,23.3,3.2,7.4,0.433,0.9,2.8,0.303,2.4,4.6,0.513,0.49,1.8,2.3,0.789,0.6,3.0,3.6,2.5,0.7,0.2,1.3,1.5,9.1
CALEB MARTIN,SF,27.0,MIA,71.0,49.0,29.3,3.6,7.7,0.464,1.2,3.3,0.356,2.4,4.4,0.545,0.54,1.3,1.6,0.805,1.2,3.6,4.8,1.6,1.0,0.4,1.1,2.0,9.6
CODY MARTIN,SF,27.0,CHO,7.0,0.0,19.1,2.0,5.1,0.389,0.4,2.0,0.214,1.6,3.1,0.5,0.431,0.6,1.0,0.571,1.1,2.3,3.4,1.6,0.6,0.1,0.3,1.9,5.0
KENYON MARTIN JR.,SF,22.0,HOU,82.0,49.0,28.0,5.0,8.8,0.569,0.8,2.6,0.315,4.2,6.1,0.679,0.617,1.8,2.7,0.68,1.5,4.0,5.5,1.5,0.5,0.4,1.1,1.8,12.7
TYRESE MARTIN,SG,23.0,ATL,16.0,0.0,4.1,0.6,1.4,0.391,0.1,0.4,0.143,0.5,1.0,0.5,0.413,0.1,0.1,1.0,0.3,0.4,0.8,0.1,0.1,0.0,0.1,0.1,1.3
GARRISON MATHEWS,SG,26.0,TOT,54.0,0.0,12.7,1.4,3.7,0.363,1.2,3.3,0.35,0.2,0.4,0.476,0.52,0.9,1.0,0.906,0.2,1.1,1.4,0.5,0.4,0.1,0.4,1.1,4.8
GARRISON MATHEWS,SG,26.0,HOU,45.0,0.0,13.4,1.3,3.8,0.353,1.2,3.4,0.342,0.2,0.3,0.467,0.509,0.9,1.0,0.911,0.2,1.2,1.4,0.5,0.5,0.1,0.4,1.2,4.8
GARRISON MATHEWS,SG,26.0,ATL,9.0,0.0,9.3,1.4,3.4,0.419,1.1,2.8,0.4,0.3,0.7,0.5,0.581,0.8,0.9,0.875,0.1,1.1,1.2,0.3,0.1,0.1,0.1,0.7,4.8
BENNEDICT MATHURIN,SG,20.0,IND,78.0,17.0,28.5,5.3,12.2,0.434,1.3,4.0,0.323,4.0,8.2,0.488,0.487,4.8,5.8,0.828,1.1,3.0,4.1,1.5,0.6,0.2,1.9,2.1,16.7
WESLEY MATTHEWS,SF,36.0,MIL,52.0,0.0,15.8,1.1,3.1,0.363,0.8,2.4,0.315,0.4,0.7,0.528,0.484,0.5,0.5,0.857,0.7,1.5,2.2,0.7,0.4,0.3,0.3,1.4,3.4
TYRESE MAXEY,SG,22.0,PHI,60.0,41.0,33.6,7.3,15.2,0.481,2.7,6.2,0.434,4.7,9.1,0.513,0.568,3.0,3.6,0.845,0.4,2.6,2.9,3.5,0.8,0.1,1.3,2.2,20.3
SKYLAR MAYS,PG,25.0,POR,6.0,6.0,31.5,5.7,11.3,0.5,2.0,4.3,0.462,3.7,7.0,0.524,0.588,2.0,2.2,0.923,0.3,2.8,3.2,8.3,1.0,0.2,1.7,1.8,15.3
MILES MCBRIDE,PG,22.0,NYK,64.0,2.0,11.9,1.2,3.4,0.358,0.6,2.1,0.299,0.6,1.3,0.457,0.451,0.4,0.7,0.667,0.2,0.6,0.8,1.1,0.6,0.1,0.4,0.9,3.5
MAC MCCLUNG,SG,24.0,PHI,2.0,0.0,20.5,4.5,10.0,0.45,2.0,5.5,0.364,2.5,4.5,0.556,0.55,1.5,2.5,0.6,1.5,3.5,5.0,4.5,0.0,0.0,1.5,1.5,12.5
CJ MCCOLLUM,SG,31.0,NOP,75.0,75.0,35.3,7.8,17.9,0.437,2.8,7.2,0.389,5.0,10.7,0.469,0.515,2.4,3.2,0.769,0.7,3.6,4.4,5.7,0.9,0.5,2.4,2.0,20.9
,0,0.0,0,0.0,0.0,0.0,0.0,0.0,0.0,0.0,0.0,0.0,0.0,0.0,0.0,0.0,0.0,0.0,0.0,0.0,0.0,0.0,0.0,0.0,0.0,0.0,0.0,0.0
T.J. MCCONNELL,PG,30.0,IND,75.0,6.0,20.3,3.8,6.9,0.543,0.3,0.8,0.441,3.4,6.2,0.556,0.568,0.8,0.9,0.853,0.6,2.5,3.1,5.3,1.1,0.1,1.9,1.4,8.7
JADEN MCDANIELS,SF,22.0,MIN,79.0,79.0,30.6,4.7,9.1,0.517,1.4,3.4,0.398,3.3,5.7,0.588,0.591,1.3,1.8,0.736,1.2,2.7,3.9,1.9,0.9,1.0,1.4,3.4,12.1
JALEN MCDANIELS,SF,25.0,TOT,80.0,24.0,23.9,3.5,7.7,0.455,1.0,2.9,0.332,2.6,4.8,0.53,0.518,1.5,1.7,0.841,0.8,3.5,4.3,1.6,1.0,0.4,1.2,2.6,9.4
JALEN MCDANIELS,SF,25.0,CHO,56.0,21.0,26.7,3.9,8.8,0.447,1.2,3.6,0.322,2.8,5.2,0.534,0.513,1.6,1.9,0.846,0.8,4.0,4.8,2.0,1.2,0.5,1.4,2.8,10.6
JALEN MCDANIELS,SF,25.0,PHI,24.0,3.0,17.5,2.5,5.1,0.488,0.5,1.3,0.4,2.0,3.9,0.516,0.537,1.2,1.4,0.824,0.8,2.4,3.2,0.8,0.7,0.2,0.5,2.1,6.7
DOUG MCDERMOTT,SF,31.0,SAS,64.0,0.0,20.5,3.7,8.2,0.457,1.9,4.7,0.413,1.8,3.5,0.516,0.575,0.8,1.1,0.757,0.4,1.8,2.2,1.4,0.2,0.1,0.9,1.8,10.2
JAVALE MCGEE,C,35.0,DAL,42.0,7.0,8.5,1.9,3.0,0.64,0.0,0.1,0.4,1.9,2.9,0.65,0.648,0.6,1.0,0.585,0.7,1.8,2.5,0.3,0.1,0.6,0.9,1.3,4.4
BRYCE MCGOWENS,SG,20.0,CHO,46.0,7.0,17.1,1.7,4.4,0.396,0.6,1.7,0.325,1.2,2.7,0.443,0.46,1.3,1.7,0.75,0.4,1.6,2.0,1.2,0.3,0.1,0.9,1.0,5.3
RODNEY MCGRUDER,SG,31.0,DET,32.0,12.0,16.4,1.9,4.8,0.408,1.3,3.0,0.423,0.7,1.7,0.382,0.543,0.6,0.7,0.818,0.6,1.7,2.3,0.9,0.5,0.0,0.3,1.2,5.7
JORDAN MCLAUGHLIN,PG,26.0,MIN,43.0,0.0,15.8,1.4,3.4,0.421,0.6,1.8,0.308,0.9,1.6,0.552,0.503,0.3,0.4,0.833,0.3,1.1,1.4,3.4,0.7,0.1,0.8,0.7,3.7
DE'ANTHONY MELTON,SG,24.0,PHI,77.0,58.0,27.9,3.6,8.5,0.425,2.0,5.2,0.39,1.6,3.2,0.484,0.546,0.9,1.1,0.793,0.9,3.2,4.1,2.6,1.6,0.5,1.3,2.5,10.1
SAM MERRILL,SG,26.0,CLE,5.0,0.0,11.8,1.8,4.4,0.409,1.0,3.6,0.278,0.8,0.8,1.0,0.523,0.4,0.4,1.0,0.0,1.8,1.8,1.0,0.8,0.0,0.0,0.6,5.0
CHIMEZIE METU,PF,25.0,SAC,66.0,0.0,10.4,2.0,3.3,0.589,0.1,0.6,0.237,1.8,2.7,0.663,0.61,0.8,1.1,0.74,0.7,2.3,3.0,0.6,0.3,0.3,0.5,1.2,4.9
KHRIS MIDDLETON,SF,31.0,MIL,33.0,19.0,24.3,5.4,12.3,0.436,1.5,4.9,0.315,3.8,7.4,0.516,0.499,2.8,3.1,0.902,0.8,3.4,4.2,4.9,0.7,0.2,2.2,2.1,15.1
PATTY MILLS,PG,34.0,BRK,40.0,2.0,14.2,2.2,5.2,0.411,1.2,3.4,0.366,0.9,1.9,0.493,0.529,0.6,0.8,0.833,0.2,0.9,1.1,1.4,0.4,0.1,0.8,0.8,6.2
SHAKE MILTON,SG,26.0,PHI,76.0,11.0,20.6,3.2,6.6,0.479,0.7,1.9,0.378,2.4,4.7,0.521,0.535,1.3,1.5,0.853,0.5,2.0,2.5,3.2,0.3,0.2,1.2,1.6,8.4
JUSTIN MINAYA,SF,23.0,POR,4.0,0.0,22.3,1.8,5.8,0.304,0.8,3.0,0.25,1.0,2.8,0.364,0.37,0.0,0.3,0.0,0.8,3.0,3.8,1.0,0.5,1.3,1.0,2.3,4.3
JOSH MINOTT,SF,20.0,MIN,15.0,0.0,6.4,1.2,2.4,0.5,0.1,0.4,0.333,1.1,2.0,0.533,0.528,0.5,0.5,1.0,0.3,1.3,1.7,0.3,0.3,0.4,0.2,0.7,3.1
DAVION MITCHELL,PG,24.0,SAC,80.0,9.0,18.1,2.3,5.0,0.454,0.8,2.5,0.32,1.5,2.5,0.584,0.533,0.3,0.4,0.806,0.2,1.1,1.3,2.3,0.6,0.2,0.8,1.4,5.6
DONOVAN MITCHELL,SG,26.0,CLE,68.0,68.0,35.8,10.0,20.6,0.484,3.6,9.3,0.386,6.4,11.3,0.566,0.572,4.7,5.4,0.867,0.9,3.3,4.3,4.4,1.5,0.4,2.6,2.5,28.3
EVAN MOBLEY,PF,21.0,CLE,79.0,79.0,34.4,6.6,12.0,0.554,0.3,1.3,0.216,6.4,10.7,0.595,0.566,2.6,3.8,0.674,2.4,6.6,9.0,2.8,0.8,1.5,1.8,2.8,16.2
ISAIAH MOBLEY,PF,23.0,CLE,12.0,0.0,7.0,1.0,2.3,0.429,0.3,0.7,0.375,0.8,1.7,0.45,0.482,0.3,0.3,1.0,0.3,1.3,1.7,0.3,0.3,0.3,0.1,0.7,2.6
,0,0.0,0,0.0,0.0,0.0,0.0,0.0,0.0,0.0,0.0,0.0,0.0,0.0,0.0,0.0,0.0,0.0,0.0,0.0,0.0,0.0,0.0,0.0,0.0,0.0,0.0,0.0
CHIMA MONEKE,SF,27.0,SAC,2.0,0.0,4.0,0.5,1.0,0.5,0.0,0.0,0.0,0.5,1.0,0.5,0.5,0.0,1.0,0.0,1.0,0.0,1.0,0.5,0.0,0.0,1.0,1.0,1.0
MALIK MONK,SG,24.0,SAC,77.0,0.0,22.3,4.6,10.3,0.448,1.9,5.2,0.359,2.8,5.2,0.538,0.538,2.4,2.7,0.889,0.4,2.2,2.6,3.9,0.6,0.3,1.9,1.6,13.5
MOSES MOODY,SG,20.0,GSW,63.0,3.0,13.0,1.7,3.6,0.476,0.8,2.1,0.363,0.9,1.5,0.641,0.584,0.6,0.8,0.698,0.4,1.2,1.7,0.8,0.3,0.1,0.5,0.9,4.8
XAVIER MOON,SG,28.0,LAC,4.0,0.0,5.0,0.8,2.3,0.333,0.3,0.8,0.333,0.5,1.5,0.333,0.389,0.0,0.0,0.0,0.0,0.8,0.8,1.3,0.0,0.0,0.3,0.5,1.8
WENDELL MOORE JR.,SG,21.0,MIN,29.0,2.0,5.3,0.6,1.5,0.419,0.1,0.6,0.118,0.6,0.9,0.615,0.442,0.1,0.2,0.8,0.1,0.5,0.6,0.6,0.3,0.2,0.3,0.4,1.4
JA MORANT,PG,23.0,MEM,61.0,59.0,31.9,9.3,19.9,0.466,1.5,4.9,0.307,7.8,15.0,0.519,0.504,6.1,8.1,0.748,1.0,4.9,5.9,8.1,1.1,0.3,3.4,1.6,26.2
MARCUS MORRIS,PF,33.0,LAC,65.0,65.0,28.1,4.2,9.9,0.426,1.7,4.7,0.364,2.5,5.2,0.484,0.513,1.0,1.3,0.782,0.4,3.5,4.0,1.8,0.6,0.3,0.9,2.1,11.2
MARKIEFF MORRIS,PF,33.0,TOT,35.0,2.0,10.1,1.3,3.3,0.409,0.8,2.0,0.394,0.5,1.3,0.432,0.53,0.3,0.3,1.0,0.4,1.7,2.0,0.9,0.3,0.1,0.5,1.4,3.8
MARKIEFF MORRIS,PF,33.0,BRK,27.0,1.0,10.6,1.2,3.0,0.402,0.7,1.8,0.408,0.5,1.2,0.394,0.524,0.4,0.4,1.0,0.5,1.7,2.2,0.9,0.3,0.2,0.5,1.2,3.6
MARKIEFF MORRIS,PF,33.0,DAL,8.0,1.0,8.8,1.8,4.1,0.424,1.0,2.8,0.364,0.8,1.4,0.545,0.545,0.0,0.0,0.0,0.0,1.5,1.5,0.8,0.1,0.0,0.5,1.9,4.5
MONTE MORRIS,PG,27.0,WAS,62.0,61.0,27.3,4.0,8.3,0.48,1.3,3.3,0.382,2.7,5.0,0.543,0.555,1.0,1.2,0.831,0.4,3.0,3.4,5.3,0.7,0.2,1.0,1.2,10.3
TREY MURPHY III,SF,22.0,NOP,79.0,65.0,31.0,4.9,10.1,0.484,2.6,6.3,0.406,2.3,3.8,0.611,0.61,2.2,2.4,0.905,0.7,2.8,3.6,1.4,1.1,0.5,0.8,2.0,14.5
DEJOUNTE MURRAY,SG,26.0,ATL,74.0,74.0,36.4,8.3,17.8,0.464,1.8,5.2,0.344,6.5,12.6,0.514,0.514,2.1,2.6,0.832,0.7,4.5,5.3,6.1,1.5,0.3,2.2,1.4,20.5
JAMAL MURRAY,PG,25.0,DEN,65.0,65.0,32.8,7.3,16.0,0.454,2.6,6.6,0.398,4.6,9.4,0.494,0.537,2.8,3.3,0.833,0.7,3.2,4.0,6.2,1.0,0.2,2.2,1.6,20.0
KEEGAN MURRAY,SF,22.0,SAC,80.0,78.0,29.8,4.4,9.8,0.453,2.6,6.3,0.411,1.9,3.5,0.527,0.584,0.8,1.0,0.765,1.1,3.5,4.6,1.2,0.8,0.5,0.8,2.0,12.2
MIKE MUSCALA,C,31.0,TOT,63.0,9.0,15.0,2.1,4.6,0.449,1.3,3.3,0.391,0.8,1.3,0.588,0.587,0.6,0.8,0.769,0.6,2.6,3.2,0.8,0.2,0.4,0.4,1.6,6.1
MIKE MUSCALA,C,31.0,OKC,43.0,5.0,14.5,2.1,4.7,0.438,1.3,3.3,0.394,0.8,1.4,0.541,0.576,0.7,0.9,0.795,0.5,2.6,3.1,0.9,0.3,0.4,0.3,1.6,6.2
MIKE MUSCALA,C,31.0,BOS,20.0,4.0,16.2,2.1,4.5,0.472,1.3,3.3,0.385,0.9,1.2,0.708,0.612,0.5,0.7,0.692,0.7,2.7,3.4,0.6,0.2,0.3,0.5,1.4,5.9
SVI MYKHAILIUK,SF,25.0,TOT,32.0,8.0,14.6,2.4,5.4,0.445,1.3,3.1,0.424,1.1,2.3,0.473,0.566,0.8,1.2,0.667,0.5,1.2,1.7,1.7,0.5,0.1,0.8,0.7,6.9
SVI MYKHAILIUK,SF,25.0,NYK,13.0,0.0,3.1,0.5,0.9,0.5,0.5,0.8,0.6,0.0,0.2,0.0,0.75,0.2,0.4,0.6,0.0,0.5,0.5,0.1,0.1,0.0,0.2,0.1,1.6
SVI MYKHAILIUK,SF,25.0,CHO,19.0,8.0,22.5,3.7,8.5,0.441,1.9,4.7,0.404,1.8,3.8,0.486,0.553,1.2,1.8,0.676,0.8,1.6,2.4,2.7,0.7,0.2,1.2,1.2,10.6
LARRY NANCE JR.,C,30.0,NOP,65.0,1.0,21.2,2.9,4.7,0.61,0.2,0.6,0.333,2.6,4.0,0.654,0.633,0.8,1.2,0.696,1.6,3.8,5.4,1.8,0.9,0.6,0.6,2.0,6.8
ANDREW NEMBHARD,SG,23.0,IND,75.0,63.0,27.6,3.8,8.6,0.441,1.2,3.5,0.35,2.6,5.1,0.504,0.512,0.7,0.8,0.79,0.5,2.2,2.7,4.5,0.9,0.2,1.7,2.4,9.5
AARON NESMITH,SF,23.0,IND,73.0,60.0,24.9,3.5,8.1,0.427,1.6,4.3,0.366,1.9,3.8,0.496,0.525,1.6,1.9,0.838,0.8,2.9,3.8,1.3,0.8,0.5,1.0,3.2,10.1
RAUL NETO,PG,30.0,CLE,48.0,1.0,10.5,1.2,2.3,0.518,0.3,0.9,0.286,0.9,1.4,0.662,0.573,0.6,0.7,0.912,0.2,0.8,1.0,1.6,0.4,0.1,0.5,1.0,3.3
GEORGES NIANG,PF,29.0,PHI,78.0,1.0,19.4,2.8,6.4,0.442,2.0,4.9,0.401,0.9,1.5,0.576,0.596,0.5,0.6,0.867,0.2,2.1,2.4,1.0,0.4,0.2,0.7,1.9,8.2
,0,0.0,0,0.0,0.0,0.0,0.0,0.0,0.0,0.0,0.0,0.0,0.0,0.0,0.0,0.0,0.0,0.0,0.0,0.0,0.0,0.0,0.0,0.0,0.0,0.0,0.0,0.0
DAISHEN NIX,PG,20.0,HOU,57.0,7.0,16.0,1.4,4.2,0.342,0.7,2.5,0.286,0.7,1.7,0.423,0.426,0.4,0.6,0.667,0.3,1.4,1.7,2.3,0.5,0.1,1.5,1.0,4.0
ZEKE NNAJI,PF,22.0,DEN,53.0,5.0,13.7,2.1,3.7,0.561,0.3,1.2,0.262,1.8,2.5,0.71,0.605,0.8,1.2,0.645,1.2,1.4,2.6,0.3,0.3,0.4,0.6,2.0,5.2
NERLENS NOEL,C,28.0,TOT,17.0,4.0,11.5,0.8,2.1,0.361,0.1,0.1,0.5,0.7,2.0,0.353,0.375,0.5,0.7,0.667,0.6,2.1,2.7,0.6,0.9,0.6,0.8,1.9,2.1
NERLENS NOEL,C,28.0,DET,14.0,3.0,10.9,0.9,2.1,0.4,0.1,0.1,0.5,0.8,2.0,0.393,0.417,0.5,0.7,0.7,0.5,2.1,2.6,0.5,0.9,0.6,0.6,1.8,2.3
NERLENS NOEL,C,28.0,BRK,3.0,1.0,14.3,0.3,2.0,0.167,0.0,0.0,0.0,0.3,2.0,0.167,0.167,0.3,0.7,0.5,1.0,2.0,3.0,1.0,1.0,0.3,1.7,2.3,1.0
JAYLEN NOWELL,SG,23.0,MIN,65.0,2.0,19.3,4.3,9.6,0.448,1.0,3.6,0.289,3.3,6.0,0.542,0.502,1.2,1.5,0.778,0.6,2.1,2.6,2.0,0.6,0.1,1.0,1.6,10.8
FRANK NTILIKINA,SG,24.0,DAL,47.0,5.0,12.9,1.0,2.8,0.364,0.4,1.4,0.254,0.7,1.4,0.477,0.428,0.5,0.7,0.667,0.1,1.2,1.3,1.2,0.3,0.1,0.6,1.4,2.9
KENDRICK NUNN,SG,27.0,TOT,70.0,2.0,13.8,2.7,6.4,0.424,1.1,3.2,0.354,1.6,3.2,0.493,0.512,0.5,0.6,0.854,0.2,1.3,1.6,1.3,0.4,0.1,0.9,0.9,7.1
KENDRICK NUNN,SG,27.0,LAL,39.0,2.0,13.5,2.6,6.4,0.406,1.1,3.2,0.325,1.6,3.2,0.488,0.488,0.4,0.5,0.81,0.1,1.3,1.4,0.9,0.3,0.1,0.8,0.9,6.7
KENDRICK NUNN,SG,27.0,WAS,31.0,0.0,14.1,2.9,6.4,0.447,1.2,3.1,0.392,1.6,3.3,0.5,0.543,0.6,0.6,0.9,0.3,1.4,1.7,1.8,0.5,0.1,1.1,1.0,7.5
JUSUF NURKIĆ,C,28.0,POR,52.0,52.0,26.8,5.0,9.7,0.519,0.8,2.3,0.361,4.2,7.4,0.567,0.561,2.4,3.7,0.661,2.2,6.9,9.1,2.9,0.8,0.8,2.3,3.6,13.3
JORDAN NWORA,SF,24.0,TOT,62.0,14.0,19.2,3.1,7.2,0.436,1.4,3.4,0.408,1.7,3.8,0.462,0.533,1.1,1.4,0.791,0.8,2.9,3.7,1.4,0.4,0.2,1.1,1.2,8.7
JORDAN NWORA,SF,24.0,MIL,38.0,3.0,15.7,2.0,5.2,0.386,1.1,2.7,0.392,0.9,2.5,0.379,0.487,1.0,1.1,0.86,0.8,2.3,3.1,1.0,0.3,0.2,0.9,0.9,6.0
JORDAN NWORA,SF,24.0,IND,24.0,11.0,24.6,4.9,10.3,0.476,1.9,4.5,0.422,3.0,5.8,0.518,0.569,1.3,1.8,0.721,0.9,3.8,4.7,2.1,0.5,0.3,1.3,1.7,13.0
ROYCE O'NEALE,SF,29.0,BRK,76.0,53.0,31.7,3.0,7.8,0.386,2.1,5.5,0.389,0.9,2.3,0.379,0.524,0.7,0.9,0.725,0.7,4.3,5.1,3.7,0.9,0.6,1.5,3.1,8.8
CHUMA OKEKE,SF,24.0,ORL,27.0,8.0,19.2,1.6,4.5,0.352,1.0,3.2,0.302,0.6,1.3,0.472,0.459,0.6,0.8,0.762,1.0,2.6,3.6,1.4,0.7,0.4,0.6,1.5,4.7
JOSH OKOGIE,SG,24.0,PHO,72.0,26.0,18.8,2.3,5.8,0.391,0.9,2.7,0.335,1.3,3.0,0.442,0.471,1.9,2.7,0.724,1.5,2.0,3.5,1.5,0.8,0.5,0.9,1.6,7.3
ONYEKA OKONGWU,C,22.0,ATL,80.0,18.0,23.1,4.0,6.2,0.638,0.1,0.2,0.308,3.9,6.1,0.647,0.642,1.9,2.5,0.781,2.7,4.5,7.2,1.0,0.7,1.3,1.0,3.1,9.9
ISAAC OKORO,SF,22.0,CLE,76.0,46.0,21.7,2.3,4.7,0.494,0.8,2.3,0.363,1.5,2.4,0.617,0.582,1.0,1.4,0.757,0.7,1.8,2.5,1.1,0.7,0.4,0.6,2.1,6.4
KZ OKPALA,PF,23.0,SAC,35.0,3.0,7.1,0.5,1.1,0.421,0.2,0.6,0.333,0.3,0.5,0.529,0.513,0.2,0.2,0.875,0.2,0.8,1.0,0.4,0.2,0.2,0.2,1.1,1.3
VICTOR OLADIPO,SG,30.0,MIA,42.0,2.0,26.3,3.8,9.6,0.397,1.7,5.0,0.33,2.1,4.5,0.471,0.484,1.4,1.9,0.747,0.4,2.7,3.0,3.5,1.4,0.3,2.1,2.4,10.7
KELLY OLYNYK,C,31.0,UTA,68.0,68.0,28.6,4.1,8.2,0.499,1.4,3.5,0.394,2.7,4.7,0.576,0.583,2.9,3.4,0.853,1.2,5.0,6.2,3.7,0.9,0.5,2.5,3.4,12.5
EUGENE OMORUYI,SF,25.0,TOT,40.0,6.0,16.1,2.5,5.7,0.443,0.6,2.2,0.281,1.9,3.5,0.547,0.498,1.3,1.9,0.68,1.1,1.7,2.8,0.7,0.7,0.1,0.9,2.3,7.0
EUGENE OMORUYI,SF,25.0,OKC,23.0,2.0,11.8,1.9,4.1,0.468,0.3,1.3,0.258,1.6,2.7,0.571,0.511,0.7,1.2,0.607,1.0,1.3,2.3,0.5,0.6,0.0,0.7,2.0,4.9
EUGENE OMORUYI,SF,25.0,DET,17.0,4.0,21.9,3.4,7.9,0.425,1.0,3.4,0.293,2.4,4.5,0.526,0.489,2.0,2.8,0.723,1.2,2.2,3.5,1.0,0.8,0.2,1.1,2.6,9.7
CEDI OSMAN,SF,27.0,CLE,77.0,2.0,20.1,3.1,6.9,0.451,1.5,4.1,0.372,1.6,2.8,0.564,0.56,1.0,1.4,0.694,0.3,2.0,2.3,1.5,0.5,0.1,0.7,1.6,8.7
KELLY OUBRE JR.,SF,27.0,CHO,48.0,40.0,32.3,7.4,17.1,0.431,2.3,7.1,0.319,5.1,10.0,0.51,0.497,3.3,4.3,0.76,1.4,3.8,5.2,1.1,1.4,0.4,1.3,2.9,20.3
CHRIS PAUL,PG,37.0,PHO,59.0,59.0,32.0,5.0,11.3,0.44,1.7,4.4,0.375,3.3,6.9,0.482,0.513,2.3,2.7,0.831,0.5,3.8,4.3,8.9,1.5,0.4,1.9,2.1,13.9
,0,0.0,0,0.0,0.0,0.0,0.0,0.0,0.0,0.0,0.0,0.0,0.0,0.0,0.0,0.0,0.0,0.0,0.0,0.0,0.0,0.0,0.0,0.0,0.0,0.0,0.0,0.0
CAMERON PAYNE,PG,28.0,PHO,48.0,15.0,20.2,3.9,9.4,0.415,1.4,3.9,0.368,2.5,5.6,0.448,0.49,1.0,1.3,0.766,0.3,2.0,2.2,4.5,0.7,0.2,1.7,1.8,10.3
GARY PAYTON II,SG,30.0,TOT,22.0,1.0,16.7,1.9,3.1,0.594,0.6,1.2,0.5,1.3,2.0,0.651,0.688,0.3,0.3,0.857,1.1,2.0,3.1,1.4,1.0,0.2,0.7,2.0,4.6
GARY PAYTON II,SG,30.0,POR,15.0,1.0,17.0,1.6,2.7,0.585,0.6,1.1,0.529,1.0,1.6,0.625,0.695,0.3,0.3,1.0,0.7,1.9,2.6,1.5,1.1,0.1,0.8,1.9,4.1
GARY PAYTON II,SG,30.0,GSW,7.0,0.0,16.0,2.4,4.0,0.607,0.6,1.3,0.444,1.9,2.7,0.684,0.679,0.3,0.4,0.667,2.0,2.3,4.3,1.1,0.9,0.6,0.6,2.0,5.7
THEO PINSON,SG,27.0,DAL,40.0,1.0,8.1,0.8,2.2,0.356,0.6,1.6,0.355,0.2,0.6,0.36,0.483,0.3,0.3,0.846,0.3,1.3,1.6,1.2,0.2,0.0,0.3,0.9,2.4
SCOTTY PIPPEN JR.,PG,22.0,LAL,6.0,0.0,5.3,0.7,2.0,0.333,0.2,0.5,0.333,0.5,1.5,0.333,0.375,0.8,1.5,0.556,0.3,0.3,0.7,0.3,0.3,0.2,0.3,0.5,2.3
MASON PLUMLEE,C,32.0,TOT,79.0,60.0,26.0,4.2,6.1,0.68,0.0,0.0,0.0,4.2,6.1,0.68,0.68,2.5,4.0,0.636,2.9,6.0,8.9,3.1,0.6,0.6,1.5,2.7,10.8
MASON PLUMLEE,C,32.0,CHO,56.0,56.0,28.5,4.7,7.1,0.669,0.0,0.0,0.0,4.7,7.1,0.669,0.669,2.8,4.6,0.605,3.3,6.3,9.7,3.7,0.6,0.6,1.6,2.9,12.2
MASON PLUMLEE,C,32.0,LAC,23.0,4.0,19.9,2.8,3.8,0.727,0.0,0.0,0.0,2.8,3.8,0.727,0.727,1.9,2.5,0.772,1.8,5.1,6.9,1.7,0.5,0.5,1.3,2.4,7.5
JAKOB POELTL,C,27.0,TOT,72.0,71.0,26.5,5.4,8.6,0.629,0.0,0.0,0.0,5.4,8.6,0.63,0.629,1.7,2.8,0.592,3.3,5.8,9.1,2.7,0.9,1.2,1.7,2.7,12.5
JAKOB POELTL,C,27.0,SAS,46.0,46.0,26.1,5.2,8.4,0.616,0.0,0.0,0.0,5.2,8.4,0.618,0.616,1.7,2.8,0.605,3.3,5.7,9.0,3.1,0.8,1.1,2.1,2.6,12.1
JAKOB POELTL,C,27.0,TOR,26.0,25.0,27.2,5.8,8.8,0.652,0.0,0.0,0.0,5.8,8.8,0.652,0.652,1.6,2.8,0.569,3.2,5.9,9.1,2.2,1.2,1.3,1.1,3.0,13.1
ALEKSEJ POKUSEVSKI,PF,21.0,OKC,34.0,25.0,20.6,3.2,7.3,0.434,1.1,3.1,0.365,2.1,4.3,0.483,0.51,0.6,1.0,0.629,1.3,3.4,4.7,1.9,0.6,1.3,1.3,1.7,8.1
JORDAN POOLE,PG,23.0,GSW,82.0,43.0,30.0,6.7,15.6,0.43,2.6,7.8,0.336,4.1,7.8,0.524,0.514,4.4,5.1,0.87,0.4,2.4,2.7,4.5,0.8,0.3,3.1,2.6,20.4
KEVIN PORTER JR.,PG,22.0,HOU,59.0,59.0,34.3,6.6,15.0,0.442,2.4,6.5,0.366,4.2,8.5,0.501,0.522,3.5,4.5,0.784,1.3,4.0,5.3,5.7,1.4,0.3,3.2,2.6,19.2
MICHAEL PORTER JR.,SF,24.0,DEN,62.0,62.0,29.0,6.4,13.2,0.487,3.0,7.3,0.414,3.4,5.9,0.579,0.602,1.5,1.9,0.8,1.0,4.5,5.5,1.0,0.6,0.5,1.1,1.9,17.4
OTTO PORTER JR.,SF,29.0,TOR,8.0,2.0,18.3,1.9,3.8,0.5,0.8,2.1,0.353,1.1,1.6,0.692,0.6,1.0,1.0,1.0,0.8,1.6,2.4,1.0,1.4,0.0,0.5,0.9,5.5
BOBBY PORTIS,PF,27.0,MIL,70.0,22.0,26.0,5.7,11.5,0.496,1.4,3.7,0.37,4.3,7.8,0.555,0.555,1.4,1.8,0.768,2.2,7.4,9.6,1.5,0.4,0.2,1.2,1.6,14.1
KRISTAPS PORZIŅĢIS,C,27.0,WAS,65.0,65.0,32.6,7.8,15.7,0.498,2.1,5.5,0.385,5.7,10.2,0.559,0.565,5.4,6.4,0.851,1.8,6.6,8.4,2.7,0.9,1.5,2.1,3.0,23.2
MICAH POTTER,PF,24.0,UTA,7.0,0.0,7.4,1.4,2.1,0.667,0.6,1.0,0.571,0.9,1.1,0.75,0.8,0.0,0.0,0.0,0.4,1.9,2.3,0.6,0.1,0.0,0.3,0.7,3.4
DWIGHT POWELL,C,31.0,DAL,76.0,64.0,19.2,2.6,3.5,0.732,0.0,0.1,0.0,2.6,3.5,0.746,0.732,1.5,2.2,0.667,2.0,2.2,4.1,0.9,0.6,0.3,0.9,2.8,6.7
NORMAN POWELL,SG,29.0,LAC,60.0,8.0,26.1,5.7,11.8,0.479,1.9,4.8,0.397,3.8,7.1,0.534,0.559,3.8,4.6,0.812,0.4,2.5,2.9,1.8,0.8,0.3,1.7,2.1,17.0
JASON PRESTON,PG,23.0,LAC,14.0,0.0,8.9,1.3,2.9,0.439,0.4,1.3,0.278,0.9,1.6,0.565,0.5,0.0,0.1,0.0,0.1,1.4,1.6,1.9,0.1,0.0,0.7,0.5,2.9
JOSHUA PRIMO,SG,20.0,SAS,4.0,0.0,23.3,2.3,6.5,0.346,0.8,3.0,0.25,1.5,3.5,0.429,0.404,1.8,2.3,0.778,0.5,2.8,3.3,4.5,0.3,0.5,2.8,2.0,7.0
TAUREAN PRINCE,PF,28.0,MIN,54.0,4.0,22.1,3.3,7.0,0.467,1.4,3.6,0.381,1.9,3.4,0.557,0.565,1.2,1.4,0.844,0.3,2.2,2.4,1.6,0.5,0.3,1.3,2.3,9.1
PAYTON PRITCHARD,PG,25.0,BOS,48.0,3.0,13.4,2.1,5.1,0.412,1.2,3.2,0.364,0.9,1.9,0.495,0.527,0.3,0.3,0.75,0.5,1.3,1.8,1.3,0.3,0.0,0.8,0.8,5.6
,0,0.0,0,0.0,0.0,0.0,0.0,0.0,0.0,0.0,0.0,0.0,0.0,0.0,0.0,0.0,0.0,0.0,0.0,0.0,0.0,0.0,0.0,0.0,0.0,0.0,0.0,0.0
TREVELIN QUEEN,SG,25.0,IND,7.0,0.0,10.0,1.0,4.1,0.241,0.3,2.1,0.133,0.7,2.0,0.357,0.276,0.7,0.7,1.0,1.1,1.3,2.4,0.9,0.3,0.7,1.0,0.6,3.0
NEEMIAS QUETA,C,23.0,SAC,5.0,0.0,5.8,1.2,1.8,0.667,0.0,0.0,0.0,1.2,1.8,0.667,0.667,0.0,0.4,0.0,1.0,1.2,2.2,0.2,0.0,0.4,0.2,1.4,2.4
IMMANUEL QUICKLEY,SG,23.0,NYK,81.0,21.0,28.9,5.2,11.6,0.448,2.1,5.6,0.37,3.1,6.0,0.521,0.537,2.5,3.1,0.819,0.7,3.4,4.2,3.4,1.0,0.2,1.2,2.0,14.9
LESTER QUINONES,SG,22.0,GSW,4.0,0.0,4.5,0.5,1.3,0.4,0.5,1.0,0.5,0.0,0.3,0.0,0.6,1.0,1.5,0.667,0.3,0.5,0.8,0.5,0.3,0.0,1.3,0.0,2.5
JULIUS RANDLE,PF,28.0,NYK,77.0,77.0,35.5,8.5,18.6,0.459,2.8,8.3,0.343,5.7,10.3,0.553,0.536,5.2,6.9,0.757,1.8,8.1,10.0,4.1,0.6,0.3,2.8,3.0,25.1
AUSTIN REAVES,SG,24.0,LAL,64.0,22.0,28.8,4.0,7.7,0.529,1.3,3.4,0.398,2.7,4.3,0.631,0.616,3.6,4.1,0.864,0.5,2.5,3.0,3.4,0.5,0.3,1.5,1.7,13.0
CAM REDDISH,SF,23.0,TOT,40.0,20.0,24.8,3.5,7.8,0.446,1.1,3.6,0.313,2.4,4.2,0.56,0.518,1.6,1.9,0.853,0.5,1.8,2.2,1.4,1.0,0.4,1.2,1.8,9.7
CAM REDDISH,SF,23.0,NYK,20.0,8.0,21.9,3.1,6.8,0.449,0.9,2.8,0.304,2.2,4.0,0.55,0.511,1.5,1.7,0.879,0.4,1.2,1.6,1.0,0.8,0.4,0.8,1.6,8.4
CAM REDDISH,SF,23.0,POR,20.0,12.0,27.6,3.9,8.8,0.443,1.4,4.4,0.318,2.5,4.4,0.568,0.523,1.8,2.1,0.833,0.6,2.3,2.9,1.9,1.2,0.3,1.6,2.0,11.0
DAVON REED,SG,27.0,TOT,43.0,1.0,8.0,0.7,2.0,0.333,0.4,1.1,0.37,0.3,0.9,0.289,0.435,0.4,0.6,0.667,0.2,1.1,1.4,0.5,0.3,0.1,0.5,0.9,2.1
DAVON REED,SG,27.0,DEN,35.0,1.0,9.0,0.7,2.3,0.313,0.5,1.3,0.364,0.3,1.0,0.25,0.413,0.4,0.6,0.75,0.3,1.3,1.6,0.5,0.4,0.1,0.6,1.0,2.3
DAVON REED,SG,27.0,LAL,8.0,0.0,3.4,0.4,0.5,0.75,0.1,0.3,0.5,0.3,0.3,1.0,0.875,0.1,0.5,0.25,0.1,0.4,0.5,0.5,0.3,0.0,0.0,0.4,1.0
PAUL REED,C,23.0,PHI,69.0,2.0,10.9,1.8,3.0,0.593,0.0,0.1,0.167,1.8,2.9,0.606,0.596,0.6,0.7,0.745,1.6,2.2,3.8,0.4,0.7,0.7,0.7,1.8,4.2
NAZ REID,C,23.0,MIN,68.0,11.0,18.4,4.6,8.5,0.537,1.1,3.2,0.346,3.5,5.3,0.653,0.602,1.3,1.9,0.677,1.1,3.8,4.9,1.1,0.6,0.8,1.4,2.6,11.5
JARED RHODEN,SG,23.0,DET,14.0,0.0,14.1,1.2,3.1,0.386,0.4,1.4,0.25,0.9,1.7,0.5,0.443,0.4,0.4,1.0,0.8,1.9,2.6,0.3,0.3,0.1,0.2,1.6,3.2
NICK RICHARDS,C,25.0,CHO,65.0,9.0,18.7,3.0,4.8,0.629,0.0,0.0,1.0,3.0,4.8,0.628,0.631,2.1,2.8,0.749,2.3,4.1,6.4,0.6,0.2,1.1,0.9,2.4,8.2
JOSH RICHARDSON,SG,29.0,TOT,65.0,10.0,23.5,3.7,8.5,0.431,1.6,4.5,0.365,2.0,4.0,0.506,0.528,1.1,1.2,0.852,0.6,2.1,2.7,2.7,1.1,0.3,1.3,1.8,10.1
JOSH RICHARDSON,SG,29.0,SAS,42.0,6.0,23.7,4.2,9.7,0.436,1.8,4.9,0.357,2.5,4.7,0.518,0.527,1.3,1.4,0.883,0.7,2.1,2.8,3.3,1.0,0.3,1.5,1.7,11.5
JOSH RICHARDSON,SG,29.0,NOP,23.0,4.0,23.2,2.7,6.4,0.419,1.4,3.7,0.384,1.3,2.7,0.468,0.53,0.7,0.9,0.762,0.5,2.0,2.4,1.6,1.3,0.4,1.0,2.0,7.5
AUSTIN RIVERS,SG,30.0,MIN,52.0,10.0,19.5,1.8,4.0,0.435,0.8,2.4,0.35,0.9,1.7,0.558,0.538,0.6,0.8,0.769,0.1,1.5,1.6,1.4,0.5,0.1,0.4,1.5,4.9
DUNCAN ROBINSON,SF,28.0,MIA,42.0,1.0,16.5,2.1,5.6,0.371,1.5,4.6,0.328,0.6,1.1,0.556,0.504,0.7,0.8,0.906,0.2,1.5,1.6,1.1,0.3,0.0,0.7,1.8,6.4
MITCHELL ROBINSON,C,24.0,NYK,59.0,58.0,27.0,3.2,4.7,0.671,0.0,0.0,0.0,3.2,4.7,0.671,0.671,1.0,2.1,0.484,4.5,4.9,9.4,0.9,0.9,1.8,0.7,2.7,7.4
ORLANDO ROBINSON,C,22.0,MIA,31.0,1.0,13.7,1.5,2.9,0.528,0.0,0.2,0.0,1.5,2.7,0.566,0.528,0.7,1.0,0.71,1.5,2.5,4.1,0.8,0.4,0.4,0.5,1.7,3.7
JEREMIAH ROBINSON-EARL,PF,22.0,OKC,43.0,20.0,18.9,2.6,5.8,0.444,0.9,2.6,0.333,1.7,3.2,0.533,0.518,0.8,1.0,0.833,1.7,2.5,4.2,1.0,0.6,0.3,0.4,1.7,6.8
ISAIAH ROBY,PF,24.0,SAS,42.0,2.0,11.3,1.6,3.7,0.432,0.4,1.4,0.3,1.2,2.3,0.516,0.49,0.5,1.0,0.488,0.5,2.0,2.5,0.9,0.4,0.2,0.7,1.3,4.1
DAVID RODDY,PF,21.0,MEM,70.0,4.0,18.0,2.6,6.0,0.429,0.9,3.0,0.307,1.6,3.0,0.553,0.506,0.6,0.9,0.631,0.7,2.0,2.8,0.8,0.4,0.3,0.8,1.5,6.7
,0,0.0,0,0.0,0.0,0.0,0.0,0.0,0.0,0.0,0.0,0.0,0.0,0.0,0.0,0.0,0.0,0.0,0.0,0.0,0.0,0.0,0.0,0.0,0.0,0.0,0.0,0.0
RYAN ROLLINS,PG,20.0,GSW,12.0,0.0,5.2,0.6,1.7,0.35,0.3,0.8,0.333,0.3,0.9,0.364,0.425,0.5,0.5,1.0,0.3,0.8,1.0,0.5,0.1,0.1,1.3,0.8,1.9
DERRICK ROSE,PG,34.0,NYK,27.0,0.0,12.5,2.3,5.9,0.384,0.7,2.3,0.302,1.6,3.6,0.438,0.443,0.4,0.4,0.917,0.3,1.2,1.5,1.7,0.3,0.2,0.8,0.7,5.6
TERRENCE ROSS,SG,31.0,TOT,63.0,9.0,21.1,3.2,7.4,0.43,1.5,4.1,0.368,1.7,3.3,0.507,0.532,0.4,0.5,0.794,0.3,2.1,2.4,1.5,0.6,0.2,0.7,1.5,8.3
TERRENCE ROSS,SG,31.0,ORL,42.0,9.0,22.5,3.1,7.1,0.431,1.5,3.8,0.381,1.6,3.3,0.489,0.533,0.4,0.5,0.75,0.2,1.8,2.0,1.3,0.6,0.2,0.9,1.3,8.0
TERRENCE ROSS,SG,31.0,PHO,21.0,0.0,18.4,3.4,7.9,0.428,1.6,4.7,0.347,1.8,3.2,0.544,0.53,0.6,0.7,0.857,0.6,2.7,3.3,2.0,0.5,0.1,0.3,2.1,9.0
TERRY ROZIER,SG,28.0,CHO,63.0,63.0,35.3,7.8,18.9,0.415,2.6,8.0,0.327,5.2,10.8,0.48,0.484,2.8,3.5,0.809,0.8,3.3,4.1,5.1,1.2,0.3,2.1,1.9,21.1
RICKY RUBIO,PG,32.0,CLE,33.0,2.0,17.2,1.8,5.4,0.343,0.6,2.5,0.256,1.2,2.9,0.417,0.402,0.8,1.1,0.8,0.3,1.8,2.1,3.5,0.8,0.2,0.9,1.5,5.2
D'ANGELO RUSSELL,PG,26.0,TOT,71.0,71.0,32.5,6.3,13.4,0.469,2.7,6.9,0.396,3.5,6.5,0.548,0.572,2.5,3.0,0.829,0.5,2.5,3.0,6.2,1.0,0.4,2.6,2.0,17.8
D'ANGELO RUSSELL,PG,26.0,MIN,54.0,54.0,32.9,6.3,13.5,0.465,2.7,7.0,0.391,3.5,6.4,0.546,0.567,2.6,3.1,0.856,0.5,2.5,3.1,6.2,1.1,0.4,2.7,2.2,17.9
D'ANGELO RUSSELL,PG,26.0,LAL,17.0,17.0,30.9,6.3,13.0,0.484,2.7,6.5,0.414,3.6,6.5,0.555,0.588,2.1,2.9,0.735,0.4,2.5,2.9,6.1,0.6,0.5,2.3,1.4,17.4
MATT RYAN,SF,25.0,TOT,34.0,0.0,9.1,1.2,3.2,0.37,0.9,2.5,0.381,0.2,0.7,0.333,0.519,0.3,0.4,0.833,0.1,0.6,0.8,0.5,0.1,0.0,0.2,0.8,3.6
MATT RYAN,SF,25.0,LAL,12.0,0.0,10.8,1.3,4.1,0.306,1.1,2.9,0.371,0.2,1.2,0.143,0.439,0.3,0.4,0.8,0.2,1.0,1.2,0.3,0.2,0.0,0.3,1.2,3.9
MATT RYAN,SF,25.0,MIN,22.0,0.0,8.2,1.1,2.7,0.424,0.9,2.2,0.388,0.3,0.5,0.6,0.585,0.3,0.3,0.857,0.1,0.5,0.5,0.5,0.1,0.0,0.2,0.6,3.4
DOMANTAS SABONIS,C,26.0,SAC,79.0,79.0,34.6,7.3,11.9,0.615,0.4,1.1,0.373,6.9,10.8,0.639,0.632,4.1,5.5,0.742,3.2,9.1,12.3,7.3,0.8,0.5,2.9,3.5,19.1
LUKA ŠAMANIĆ,PF,23.0,UTA,7.0,4.0,23.0,3.7,8.1,0.456,1.1,4.4,0.258,2.6,3.7,0.692,0.526,1.3,1.9,0.692,0.0,4.3,4.3,2.1,0.9,0.3,1.4,2.4,9.9
DARIO ŠARIĆ,PF-C,28.0,TOT,57.0,12.0,14.1,2.2,4.9,0.458,0.8,2.0,0.391,1.4,2.8,0.506,0.54,1.1,1.3,0.829,0.9,2.7,3.6,1.3,0.4,0.1,1.0,1.7,6.4
DARIO ŠARIĆ,PF,28.0,PHO,37.0,12.0,14.4,2.1,4.8,0.427,0.7,1.9,0.391,1.3,2.9,0.45,0.503,1.0,1.2,0.818,1.1,2.8,3.8,1.5,0.4,0.1,1.0,1.9,5.8
DARIO ŠARIĆ,C,28.0,OKC,20.0,0.0,13.7,2.6,5.0,0.515,0.9,2.3,0.391,1.7,2.7,0.623,0.606,1.4,1.6,0.844,0.7,2.6,3.3,0.9,0.4,0.1,1.0,1.5,7.4
OLIVIER SARR,C,23.0,OKC,9.0,1.0,12.7,1.7,3.3,0.5,0.1,0.9,0.125,1.6,2.4,0.636,0.517,0.6,0.8,0.714,1.3,2.1,3.4,0.4,0.1,0.6,0.4,1.9,4.0
JORDAN SCHAKEL,SF,24.0,WAS,2.0,0.0,3.0,0.5,1.0,0.5,0.5,0.5,1.0,0.0,0.5,0.0,0.75,0.0,0.0,0.0,0.0,0.0,0.0,0.5,0.5,0.0,0.0,0.5,1.5
ADMIRAL SCHOFIELD,PF,25.0,ORL,37.0,0.0,12.2,1.5,3.3,0.451,0.6,2.0,0.324,0.8,1.3,0.646,0.549,0.6,0.6,0.913,0.6,1.1,1.7,0.8,0.2,0.1,0.4,1.6,4.2
DENNIS SCHRÖDER,PG,29.0,LAL,66.0,50.0,30.1,4.1,9.8,0.415,1.1,3.4,0.329,3.0,6.4,0.461,0.472,3.3,3.8,0.857,0.3,2.2,2.5,4.5,0.8,0.2,1.7,2.2,12.6
JAY SCRUBB,SG,22.0,ORL,2.0,0.0,15.0,2.5,3.5,0.714,1.0,1.0,1.0,1.5,2.5,0.6,0.857,0.5,1.0,0.5,0.0,3.0,3.0,0.5,1.0,0.0,1.5,1.0,6.5
DEREON SEABRON,SG,22.0,NOP,5.0,0.0,2.4,0.4,1.0,0.4,0.0,0.0,0.0,0.4,1.0,0.4,0.4,0.0,0.0,0.0,0.2,0.0,0.2,0.0,0.0,0.0,0.0,0.2,0.8
ALPEREN ŞENGÜN,C,20.0,HOU,75.0,72.0,28.9,5.9,10.7,0.553,0.3,0.8,0.333,5.6,9.9,0.57,0.565,2.7,3.8,0.715,3.2,5.8,9.0,3.9,0.9,0.9,2.6,3.4,14.8
COLLIN SEXTON,PG,24.0,UTA,48.0,15.0,23.9,4.9,9.8,0.506,1.0,2.5,0.393,3.9,7.2,0.546,0.558,3.4,4.1,0.819,0.8,1.4,2.2,2.9,0.6,0.1,1.8,2.3,14.3
LANDRY SHAMET,SG,25.0,PHO,40.0,9.0,20.2,2.8,7.5,0.377,1.9,5.0,0.377,1.0,2.5,0.376,0.502,1.1,1.3,0.882,0.3,1.4,1.7,2.3,0.7,0.1,0.9,1.5,8.7
DAY'RON SHARPE,C,21.0,BRK,48.0,3.0,11.5,1.9,3.6,0.544,0.1,0.2,0.545,1.8,3.3,0.544,0.561,0.7,1.1,0.636,2.1,2.1,4.2,0.8,0.3,0.7,0.9,1.9,4.7
,0,0.0,0,0.0,0.0,0.0,0.0,0.0,0.0,0.0,0.0,0.0,0.0,0.0,0.0,0.0,0.0,0.0,0.0,0.0,0.0,0.0,0.0,0.0,0.0,0.0,0.0,0.0
SHAEDON SHARPE,SG,19.0,POR,80.0,15.0,22.2,3.8,8.1,0.472,1.3,3.5,0.36,2.6,4.6,0.559,0.551,0.9,1.3,0.714,0.8,2.2,3.0,1.2,0.5,0.3,1.0,1.7,9.9
PASCAL SIAKAM,PF,28.0,TOR,71.0,71.0,37.4,8.9,18.5,0.48,1.3,4.0,0.324,7.6,14.5,0.523,0.515,5.2,6.7,0.774,1.8,6.0,7.8,5.8,0.9,0.5,2.4,3.2,24.2
CHRIS SILVA,PF,26.0,DAL,1.0,0.0,3.0,1.0,1.0,1.0,0.0,0.0,0.0,1.0,1.0,1.0,1.0,0.0,0.0,0.0,0.0,0.0,0.0,0.0,0.0,0.0,1.0,2.0,2.0
BEN SIMMONS,PG,26.0,BRK,42.0,33.0,26.3,3.2,5.6,0.566,0.0,0.0,0.0,3.2,5.5,0.571,0.566,0.6,1.4,0.439,1.0,5.3,6.3,6.1,1.3,0.6,2.3,3.3,6.9
KOBI SIMMONS,SG,25.0,CHO,5.0,0.0,5.6,0.2,1.2,0.167,0.2,1.0,0.2,0.0,0.2,0.0,0.25,0.4,0.4,1.0,0.2,0.6,0.8,1.0,0.0,0.4,0.2,0.0,1.0
MARKO SIMONOVIC,C,23.0,CHI,7.0,0.0,2.9,0.3,1.0,0.286,0.1,0.6,0.25,0.1,0.4,0.333,0.357,0.1,0.3,0.5,0.1,0.1,0.3,0.0,0.0,0.0,0.0,0.7,0.9
ANFERNEE SIMONS,SG,23.0,POR,62.0,62.0,35.0,7.5,16.9,0.447,3.4,9.1,0.377,4.1,7.8,0.528,0.548,2.6,2.9,0.894,0.3,2.3,2.6,4.1,0.7,0.2,2.1,2.3,21.1
JERICHO SIMS,C,24.0,NYK,52.0,16.0,15.6,1.6,2.1,0.776,0.0,0.0,0.0,1.6,2.0,0.783,0.776,0.2,0.3,0.75,1.9,2.8,4.7,0.5,0.3,0.5,0.5,1.8,3.4
MARCUS SMART,PG,28.0,BOS,61.0,61.0,32.1,4.1,9.9,0.415,1.9,5.6,0.336,2.2,4.3,0.519,0.511,1.4,1.9,0.746,0.8,2.4,3.1,6.3,1.5,0.4,2.3,2.8,11.5
DENNIS SMITH JR.,PG,25.0,CHO,54.0,15.0,25.7,3.4,8.4,0.412,0.4,2.1,0.216,3.0,6.3,0.475,0.438,1.4,2.0,0.736,0.5,2.6,3.1,4.8,1.4,0.5,1.5,2.3,8.8
DRU SMITH,SG,25.0,TOT,15.0,1.0,10.5,1.2,3.0,0.4,0.3,1.3,0.263,0.9,1.7,0.5,0.456,0.2,0.2,1.0,0.1,1.5,1.6,1.5,0.7,0.3,0.2,1.5,2.9
DRU SMITH,SG,25.0,MIA,5.0,1.0,13.4,1.0,2.8,0.357,0.2,1.2,0.167,0.8,1.6,0.5,0.393,0.0,0.0,0.0,0.2,1.6,1.8,1.0,0.8,0.6,0.2,2.0,2.2
DRU SMITH,SG,25.0,BRK,10.0,0.0,9.1,1.3,3.1,0.419,0.4,1.3,0.308,0.9,1.8,0.5,0.484,0.3,0.3,1.0,0.1,1.4,1.5,1.7,0.6,0.1,0.2,1.3,3.3
ISH SMITH,PG,34.0,DEN,43.0,0.0,9.3,1.2,3.0,0.397,0.0,0.3,0.167,1.2,2.8,0.42,0.405,0.0,0.1,0.5,0.1,1.1,1.3,2.3,0.2,0.2,1.0,0.8,2.5
JABARI SMITH JR.,PF,19.0,HOU,79.0,79.0,31.0,4.6,11.3,0.408,1.5,4.9,0.307,3.1,6.3,0.487,0.475,2.1,2.6,0.786,1.5,5.7,7.2,1.3,0.5,0.9,1.3,2.9,12.8
JALEN SMITH,C,22.0,IND,68.0,31.0,18.8,3.6,7.5,0.476,0.8,2.8,0.283,2.8,4.7,0.593,0.53,1.5,2.0,0.759,1.9,3.9,5.8,1.0,0.3,0.9,1.1,2.3,9.4
XAVIER SNEED,SF,25.0,CHO,4.0,0.0,12.0,1.3,2.5,0.5,0.8,1.5,0.5,0.5,1.0,0.5,0.65,1.0,1.0,1.0,0.0,1.3,1.3,1.3,0.0,0.3,0.8,1.8,4.3
JEREMY SOCHAN,PF,19.0,SAS,56.0,53.0,26.0,4.5,9.9,0.453,0.6,2.4,0.246,3.9,7.5,0.519,0.483,1.4,2.1,0.698,1.7,3.6,5.3,2.5,0.8,0.4,1.7,2.5,11.0
JADEN SPRINGER,SG,20.0,PHI,16.0,2.0,5.6,1.1,2.2,0.486,0.1,0.3,0.4,0.9,1.9,0.5,0.514,0.4,0.5,0.75,0.4,0.5,0.9,0.5,0.4,0.2,0.2,0.9,2.6
LAMAR STEVENS,SF,25.0,CLE,62.0,25.0,18.1,2.1,4.6,0.448,0.5,1.5,0.316,1.6,3.1,0.513,0.5,0.6,0.9,0.702,0.8,2.6,3.3,0.5,0.4,0.3,0.4,1.3,5.3
ISAIAH STEWART,C,21.0,DET,50.0,47.0,28.3,3.9,8.8,0.442,1.3,4.1,0.327,2.6,4.7,0.542,0.518,2.2,3.0,0.738,2.3,5.8,8.1,1.4,0.4,0.7,1.4,2.7,11.3
MAX STRUS,SF,26.0,MIA,80.0,33.0,28.4,4.1,9.9,0.41,2.5,7.0,0.35,1.6,2.8,0.559,0.535,1.0,1.1,0.876,0.6,2.6,3.2,2.1,0.5,0.2,0.9,2.1,11.5
,0,0.0,0,0.0,0.0,0.0,0.0,0.0,0.0,0.0,0.0,0.0,0.0,0.0,0.0,0.0,0.0,0.0,0.0,0.0,0.0,0.0,0.0,0.0,0.0,0.0,0.0,0.0
JALEN SUGGS,SG,21.0,ORL,53.0,19.0,23.5,3.5,8.4,0.419,1.2,3.8,0.327,2.3,4.6,0.496,0.493,1.6,2.2,0.723,1.0,2.0,3.0,2.9,1.3,0.5,1.8,2.3,9.9
EDMOND SUMNER,SG,27.0,BRK,53.0,12.0,13.9,2.3,5.1,0.461,0.6,1.6,0.356,1.8,3.4,0.511,0.519,1.9,2.0,0.917,0.2,1.2,1.5,1.3,0.6,0.2,0.9,1.6,7.1
COLE SWIDER,SF,23.0,LAL,7.0,0.0,5.9,0.4,1.3,0.333,0.4,1.1,0.375,0.0,0.1,0.0,0.5,0.0,0.0,0.0,0.1,0.9,1.0,0.6,0.0,0.0,0.0,0.4,1.3
JAE'SEAN TATE,SF,27.0,HOU,31.0,7.0,21.8,3.5,7.4,0.48,0.4,1.5,0.283,3.1,5.9,0.53,0.509,1.6,2.2,0.725,1.3,2.5,3.8,2.7,0.7,0.2,1.5,3.4,9.1
JAYSON TATUM,SF,24.0,BOS,74.0,74.0,36.9,9.8,21.1,0.466,3.2,9.3,0.35,6.6,11.8,0.558,0.543,7.2,8.4,0.854,1.1,7.7,8.8,4.6,1.1,0.7,2.9,2.2,30.1
TERRY TAYLOR,PF,23.0,TOT,31.0,2.0,8.5,1.3,2.4,0.52,0.2,0.6,0.263,1.1,1.8,0.607,0.553,0.2,0.4,0.545,0.9,0.6,1.5,0.3,0.1,0.2,0.3,0.8,2.9
TERRY TAYLOR,PF,23.0,IND,26.0,2.0,8.8,1.2,2.5,0.462,0.2,0.7,0.222,1.0,1.8,0.553,0.492,0.2,0.3,0.714,0.8,0.7,1.5,0.4,0.1,0.2,0.3,0.9,2.7
TERRY TAYLOR,PF,23.0,CHI,5.0,0.0,7.2,1.8,2.0,0.9,0.2,0.2,1.0,1.6,1.8,0.889,0.95,0.2,0.8,0.25,1.0,0.6,1.6,0.0,0.0,0.2,0.0,0.4,4.0
GARRETT TEMPLE,SG,36.0,NOP,25.0,0.0,6.5,0.7,1.8,0.4,0.4,1.0,0.423,0.3,0.8,0.368,0.522,0.1,0.2,0.75,0.2,0.5,0.7,0.5,0.4,0.1,0.2,0.6,2.0
DALEN TERRY,SG,20.0,CHI,38.0,0.0,5.6,0.8,1.9,0.444,0.2,0.7,0.259,0.7,1.2,0.556,0.493,0.4,0.6,0.667,0.3,0.7,1.0,0.6,0.3,0.1,0.2,0.6,2.2
DANIEL THEIS,C,30.0,IND,7.0,1.0,15.6,3.0,6.3,0.477,0.3,1.6,0.182,2.7,4.7,0.576,0.5,0.7,1.7,0.417,1.0,2.1,3.1,1.3,0.3,0.9,0.4,1.0,7.0
CAM THOMAS,SG,21.0,BRK,57.0,4.0,16.6,3.5,8.0,0.441,0.9,2.3,0.383,2.6,5.7,0.464,0.497,2.6,3.1,0.868,0.1,1.5,1.7,1.4,0.4,0.1,1.1,1.0,10.6
KLAY THOMPSON,SF,32.0,GSW,69.0,69.0,33.0,7.9,18.1,0.436,4.4,10.6,0.412,3.6,7.6,0.47,0.556,1.7,1.9,0.879,0.6,3.6,4.1,2.4,0.7,0.4,1.8,1.9,21.9
JT THOR,PF,20.0,CHO,69.0,8.0,14.0,1.4,3.4,0.399,0.6,1.8,0.317,0.8,1.7,0.487,0.481,0.5,0.7,0.702,0.5,1.7,2.2,0.5,0.3,0.3,0.6,1.0,3.8
MATISSE THYBULLE,SF-SG,25.0,TOT,71.0,28.0,16.9,1.5,3.6,0.435,0.8,2.1,0.365,0.8,1.5,0.533,0.542,0.3,0.4,0.679,0.6,1.4,2.0,0.7,1.2,0.5,0.3,1.6,4.1
MATISSE THYBULLE,SF,25.0,PHI,49.0,6.0,12.1,1.0,2.4,0.431,0.4,1.3,0.333,0.6,1.1,0.547,0.522,0.2,0.2,0.75,0.4,0.9,1.3,0.5,0.9,0.3,0.2,1.3,2.7
MATISSE THYBULLE,SG,25.0,POR,22.0,22.0,27.7,2.7,6.2,0.438,1.5,3.9,0.388,1.2,2.4,0.519,0.558,0.5,0.7,0.625,0.9,2.6,3.5,1.4,1.7,0.8,0.7,2.2,7.4
XAVIER TILLMAN SR.,C,24.0,MEM,61.0,29.0,19.3,3.1,5.0,0.614,0.1,0.2,0.267,3.0,4.8,0.632,0.621,0.8,1.5,0.551,2.0,3.0,5.0,1.6,1.0,0.5,0.7,1.6,7.0
ISAIAH TODD,PF,21.0,WAS,6.0,1.0,10.2,0.5,3.2,0.158,0.2,1.7,0.1,0.3,1.5,0.222,0.184,0.3,0.3,1.0,0.3,1.7,2.0,0.7,0.2,0.0,0.3,0.7,1.5
OBI TOPPIN,PF,24.0,NYK,67.0,5.0,15.7,2.8,6.3,0.446,1.3,3.7,0.344,1.5,2.6,0.593,0.548,0.6,0.7,0.809,0.4,2.4,2.8,1.0,0.3,0.2,0.6,1.0,7.4
JUAN TOSCANO-ANDERSON,SF,29.0,TOT,52.0,9.0,13.5,1.2,2.8,0.448,0.2,0.8,0.186,1.1,1.9,0.56,0.476,0.4,0.5,0.792,0.5,1.8,2.4,1.3,0.3,0.2,0.7,1.5,3.0
JUAN TOSCANO-ANDERSON,SF,29.0,LAL,30.0,7.0,12.2,1.1,2.2,0.5,0.1,0.7,0.2,1.0,1.5,0.63,0.53,0.4,0.5,0.733,0.5,1.6,2.0,0.8,0.3,0.2,0.6,1.5,2.7
JUAN TOSCANO-ANDERSON,SF,29.0,UTA,22.0,2.0,15.2,1.4,3.5,0.403,0.2,1.0,0.174,1.2,2.5,0.5,0.429,0.4,0.4,0.889,0.6,2.2,2.9,1.8,0.3,0.1,0.8,1.5,3.4
KARL-ANTHONY TOWNS,PF,27.0,MIN,29.0,29.0,33.0,7.3,14.8,0.495,2.1,5.7,0.366,5.2,9.1,0.576,0.565,4.1,4.7,0.874,1.7,6.5,8.1,4.8,0.7,0.6,3.0,3.8,20.8
GARY TRENT JR.,SG,24.0,TOR,66.0,44.0,32.1,6.1,14.2,0.433,2.5,6.8,0.369,3.6,7.3,0.493,0.522,2.6,3.1,0.839,0.5,2.2,2.6,1.6,1.6,0.2,0.8,1.5,17.4
P.J. TUCKER,PF,37.0,PHI,75.0,75.0,25.6,1.3,3.0,0.427,0.7,1.9,0.393,0.5,1.1,0.482,0.549,0.3,0.3,0.826,1.3,2.7,3.9,0.8,0.5,0.2,0.6,2.4,3.5
,0,0.0,0,0.0,0.0,0.0,0.0,0.0,0.0,0.0,0.0,0.0,0.0,0.0,0.0,0.0,0.0,0.0,0.0,0.0,0.0,0.0,0.0,0.0,0.0,0.0,0.0,0.0
MYLES TURNER,C,26.0,IND,62.0,62.0,29.4,6.5,11.8,0.548,1.5,4.0,0.373,5.0,7.8,0.638,0.612,3.5,4.5,0.783,1.4,6.1,7.5,1.4,0.6,2.3,1.7,3.5,18.0
STANLEY UMUDE,SG,23.0,DET,1.0,0.0,2.0,0.0,1.0,0.0,0.0,1.0,0.0,0.0,0.0,0.0,0.0,2.0,2.0,1.0,0.0,0.0,0.0,0.0,1.0,1.0,0.0,0.0,2.0
JONAS VALANČIŪNAS,C,30.0,NOP,79.0,79.0,24.9,5.6,10.3,0.547,0.5,1.4,0.349,5.2,8.9,0.577,0.57,2.3,2.8,0.826,2.8,7.3,10.2,1.8,0.3,0.7,2.0,3.1,14.1
JARRED VANDERBILT,PF,23.0,TOT,78.0,65.0,24.1,3.2,5.8,0.548,0.4,1.2,0.322,2.8,4.6,0.604,0.58,1.2,1.8,0.691,2.2,5.3,7.5,2.4,1.1,0.3,1.2,2.4,7.9
JARRED VANDERBILT,PF,23.0,UTA,52.0,41.0,24.1,3.3,6.0,0.556,0.4,1.1,0.333,3.0,4.9,0.606,0.587,1.3,2.0,0.657,2.3,5.5,7.9,2.7,1.0,0.3,1.3,2.6,8.3
JARRED VANDERBILT,PF,23.0,LAL,26.0,24.0,24.0,2.8,5.4,0.529,0.4,1.3,0.303,2.5,4.1,0.598,0.564,1.1,1.4,0.784,1.9,4.8,6.7,1.6,1.2,0.2,1.1,2.2,7.2
FRED VANVLEET,PG,28.0,TOR,69.0,69.0,36.7,6.3,16.1,0.393,3.0,8.8,0.342,3.3,7.3,0.455,0.486,3.7,4.1,0.898,0.4,3.6,4.1,7.2,1.8,0.6,2.0,2.8,19.3
DEVIN VASSELL,SG,22.0,SAS,38.0,32.0,31.0,6.9,15.7,0.439,2.7,7.0,0.387,4.2,8.7,0.48,0.525,2.1,2.6,0.78,0.2,3.7,3.9,3.6,1.1,0.4,1.5,1.5,18.5
GABE VINCENT,PG,26.0,MIA,68.0,34.0,25.9,3.4,8.3,0.402,1.7,5.1,0.334,1.6,3.2,0.512,0.505,1.0,1.1,0.872,0.4,1.7,2.1,2.5,0.9,0.1,1.4,2.3,9.4
NOAH VONLEH,C,27.0,BOS,23.0,1.0,7.4,0.5,1.0,0.458,0.0,0.2,0.25,0.4,0.9,0.5,0.479,0.1,0.1,1.0,0.8,1.3,2.1,0.3,0.1,0.3,0.5,1.5,1.1
NIKOLA VUČEVIĆ,C,32.0,CHI,82.0,82.0,33.5,7.3,14.0,0.52,1.5,4.2,0.349,5.8,9.8,0.594,0.573,1.6,1.9,0.835,1.9,9.1,11.0,3.2,0.7,0.7,1.7,2.2,17.6
DEAN WADE,PF,26.0,CLE,44.0,13.0,20.3,1.7,4.0,0.412,1.0,2.9,0.354,0.6,1.1,0.56,0.54,0.3,0.5,0.652,0.5,3.0,3.4,0.8,0.6,0.5,0.4,2.0,4.7
FRANZ WAGNER,SF,21.0,ORL,80.0,80.0,32.6,6.8,14.0,0.485,1.6,4.5,0.361,5.2,9.5,0.544,0.543,3.4,4.0,0.842,0.9,3.2,4.1,3.5,1.0,0.2,2.1,2.3,18.6
MORITZ WAGNER,C,25.0,ORL,57.0,18.0,19.5,3.5,6.9,0.5,0.9,2.9,0.313,2.6,4.1,0.631,0.564,2.7,3.2,0.841,1.2,3.3,4.5,1.5,0.6,0.2,1.2,2.4,10.5
ISH WAINRIGHT,SF,28.0,PHO,60.0,2.0,15.3,1.4,3.8,0.37,1.0,2.9,0.329,0.5,0.9,0.5,0.496,0.4,0.5,0.839,0.8,1.6,2.3,0.9,0.6,0.4,0.4,2.0,4.2
JABARI WALKER,SF,20.0,POR,56.0,0.0,11.1,1.5,3.5,0.419,0.3,1.0,0.286,1.2,2.5,0.472,0.46,0.6,0.8,0.756,0.9,1.5,2.3,0.6,0.2,0.2,0.5,1.2,3.9
KEMBA WALKER,PG,32.0,DAL,9.0,1.0,16.0,2.7,6.3,0.421,0.8,3.1,0.25,1.9,3.2,0.586,0.482,1.9,2.3,0.81,0.3,1.4,1.8,2.1,0.2,0.2,0.4,1.2,8.0
LONNIE WALKER IV,SG,24.0,LAL,56.0,32.0,23.2,4.2,9.4,0.448,1.6,4.4,0.365,2.6,5.0,0.522,0.534,1.6,1.9,0.858,0.3,1.7,1.9,1.1,0.5,0.3,0.8,1.3,11.7
JOHN WALL,PG,32.0,LAC,34.0,3.0,22.2,4.1,9.9,0.408,1.0,3.2,0.303,3.1,6.7,0.459,0.457,2.3,3.3,0.681,0.4,2.3,2.7,5.2,0.8,0.4,2.4,1.7,11.4
T.J. WARREN,PF-SF,29.0,TOT,42.0,0.0,16.4,3.1,6.4,0.489,0.5,1.6,0.328,2.6,4.8,0.542,0.53,0.7,0.8,0.8,0.6,2.3,2.9,1.0,0.5,0.3,0.5,1.5,7.5
T.J. WARREN,PF,29.0,BRK,26.0,0.0,18.8,3.9,7.7,0.51,0.6,1.8,0.333,3.3,5.8,0.566,0.55,1.0,1.3,0.818,0.5,2.3,2.8,1.1,0.6,0.3,0.7,1.7,9.5
T.J. WARREN,SF,29.0,PHO,16.0,0.0,12.3,1.9,4.4,0.429,0.4,1.2,0.316,1.5,3.2,0.471,0.471,0.1,0.1,0.5,0.8,2.3,3.1,0.7,0.4,0.3,0.2,1.3,4.2
DUANE WASHINGTON JR.,SG,22.0,PHO,31.0,3.0,12.7,3.0,8.3,0.367,1.3,3.6,0.36,1.7,4.7,0.372,0.445,0.5,0.8,0.667,0.1,1.1,1.2,2.0,0.2,0.1,1.1,0.7,7.9
P.J. WASHINGTON,PF,24.0,CHO,73.0,73.0,32.6,5.9,13.4,0.444,2.0,5.9,0.348,3.9,7.5,0.518,0.52,1.7,2.4,0.73,1.0,3.9,4.9,2.4,0.9,1.1,1.5,2.6,15.7
,0,0.0,0,0.0,0.0,0.0,0.0,0.0,0.0,0.0,0.0,0.0,0.0,0.0,0.0,0.0,0.0,0.0,0.0,0.0,0.0,0.0,0.0,0.0,0.0,0.0,0.0,0.0
TYTY WASHINGTON JR.,PG,21.0,HOU,31.0,2.0,14.0,1.9,5.2,0.363,0.6,2.6,0.238,1.3,2.6,0.488,0.422,0.3,0.6,0.556,0.1,1.4,1.5,1.5,0.5,0.1,0.5,0.9,4.7
YUTA WATANABE,SF,28.0,BRK,58.0,1.0,16.0,2.0,4.0,0.491,1.0,2.3,0.444,0.9,1.7,0.557,0.621,0.6,0.8,0.723,0.5,1.9,2.4,0.8,0.4,0.3,0.4,1.4,5.6
LINDY WATERS III,SG,25.0,OKC,41.0,0.0,13.0,1.7,4.3,0.393,1.4,4.0,0.358,0.3,0.4,0.75,0.556,0.4,0.5,0.8,0.4,1.4,1.8,0.7,0.3,0.3,0.2,1.0,5.2
TRENDON WATFORD,PF,22.0,POR,62.0,12.0,19.1,2.9,5.2,0.56,0.4,1.0,0.391,2.5,4.2,0.602,0.599,1.2,1.6,0.72,0.7,3.2,3.8,2.1,0.5,0.2,1.1,1.9,7.4
PEYTON WATSON,SG,20.0,DEN,23.0,2.0,8.1,1.3,2.6,0.492,0.3,0.6,0.429,1.0,2.0,0.511,0.542,0.5,0.9,0.55,0.3,1.3,1.6,0.5,0.1,0.5,0.3,0.6,3.3
BLAKE WESLEY,SG,19.0,SAS,37.0,1.0,18.1,1.9,5.8,0.321,0.5,1.4,0.385,1.3,4.4,0.301,0.367,0.7,1.2,0.591,0.3,1.9,2.2,2.7,0.7,0.1,1.8,1.8,5.0
RUSSELL WESTBROOK,PG,34.0,TOT,73.0,24.0,29.1,5.9,13.6,0.436,1.2,3.9,0.311,4.7,9.7,0.487,0.481,2.8,4.3,0.656,1.2,4.6,5.8,7.5,1.0,0.5,3.5,2.2,15.9
RUSSELL WESTBROOK,PG,34.0,LAL,52.0,3.0,28.7,5.8,14.0,0.417,1.2,4.1,0.296,4.6,9.9,0.467,0.46,3.0,4.6,0.655,1.1,5.0,6.2,7.5,1.0,0.4,3.5,2.3,15.9
RUSSELL WESTBROOK,PG,34.0,LAC,21.0,21.0,30.2,6.1,12.5,0.489,1.2,3.5,0.356,4.9,9.0,0.54,0.538,2.4,3.6,0.658,1.4,3.4,4.9,7.6,1.1,0.5,3.4,2.0,15.8
COBY WHITE,SG,22.0,CHI,74.0,2.0,23.4,3.6,8.0,0.443,1.7,4.6,0.372,1.8,3.4,0.54,0.551,0.8,0.9,0.871,0.2,2.6,2.9,2.8,0.7,0.1,1.0,1.6,9.7
DERRICK WHITE,SG,28.0,BOS,82.0,70.0,28.3,4.3,9.2,0.462,1.8,4.8,0.381,2.5,4.5,0.548,0.56,2.0,2.3,0.875,0.6,2.9,3.6,3.9,0.7,0.9,1.2,2.2,12.4
JACK WHITE,SF,25.0,DEN,17.0,0.0,3.9,0.5,1.1,0.421,0.2,0.5,0.333,0.3,0.6,0.5,0.5,0.1,0.2,0.667,0.4,0.6,1.0,0.2,0.2,0.1,0.1,0.5,1.2
JOE WIESKAMP,SF,23.0,TOR,9.0,0.0,5.6,0.3,1.6,0.214,0.3,1.3,0.25,0.0,0.2,0.0,0.321,0.0,0.0,0.0,0.0,0.4,0.4,0.3,0.0,0.0,0.1,0.3,1.0
AARON WIGGINS,SG,24.0,OKC,70.0,14.0,18.5,2.7,5.2,0.512,0.7,1.7,0.393,2.0,3.4,0.573,0.579,0.8,1.0,0.831,1.0,2.0,3.0,1.1,0.6,0.2,0.8,1.6,6.8
ANDREW WIGGINS,SF,27.0,GSW,37.0,37.0,32.2,6.8,14.3,0.473,2.4,6.1,0.396,4.4,8.2,0.53,0.557,1.2,1.9,0.611,1.6,3.4,5.0,2.3,1.2,0.8,1.3,2.9,17.1
LINDELL WIGGINTON,PG,24.0,MIL,7.0,1.0,12.4,2.6,5.3,0.486,0.9,2.6,0.333,1.7,2.7,0.632,0.568,1.1,1.3,0.889,0.0,1.0,1.0,2.0,0.0,0.3,1.7,1.0,7.1
ALONDES WILLIAMS,SG,23.0,BRK,1.0,0.0,5.0,0.0,0.0,0.0,0.0,0.0,0.0,0.0,0.0,0.0,0.0,0.0,0.0,0.0,0.0,1.0,1.0,0.0,0.0,0.0,2.0,1.0,0.0
DONOVAN WILLIAMS,SG,21.0,ATL,2.0,0.0,2.0,1.0,2.5,0.4,0.0,1.0,0.0,1.0,1.5,0.667,0.4,0.0,0.0,0.0,0.0,1.0,1.0,0.0,0.0,0.0,0.0,0.0,2.0
GRANT WILLIAMS,PF,24.0,BOS,79.0,23.0,25.9,2.7,6.0,0.454,1.5,3.7,0.395,1.3,2.3,0.546,0.575,1.2,1.5,0.77,1.1,3.5,4.6,1.7,0.5,0.4,1.0,2.4,8.1
JALEN WILLIAMS,SG,21.0,OKC,75.0,62.0,30.3,5.5,10.6,0.521,1.0,2.7,0.356,4.5,7.9,0.579,0.567,2.1,2.5,0.812,1.1,3.4,4.5,3.3,1.4,0.5,1.6,2.5,14.1
JAYLIN WILLIAMS,C,20.0,OKC,49.0,36.0,18.7,2.1,4.8,0.436,0.9,2.3,0.407,1.1,2.5,0.463,0.534,0.8,1.1,0.704,0.9,4.0,4.9,1.6,0.6,0.2,0.8,2.3,5.9
JEENATHAN WILLIAMS,SG,23.0,POR,5.0,4.0,25.4,4.8,7.8,0.615,0.6,1.6,0.375,4.2,6.2,0.677,0.654,0.4,0.6,0.667,2.0,1.0,3.0,2.0,0.6,0.4,0.8,2.6,10.6
,0,0.0,0,0.0,0.0,0.0,0.0,0.0,0.0,0.0,0.0,0.0,0.0,0.0,0.0,0.0,0.0,0.0,0.0,0.0,0.0,0.0,0.0,0.0,0.0,0.0,0.0,0.0
KENRICH WILLIAMS,PF,28.0,OKC,53.0,10.0,22.8,3.4,6.5,0.517,0.9,2.5,0.373,2.4,4.0,0.608,0.59,0.3,0.7,0.436,1.8,3.1,4.9,2.0,0.8,0.3,0.6,2.1,8.0
MARK WILLIAMS,C,21.0,CHO,43.0,17.0,19.3,3.7,5.8,0.637,0.0,0.0,0.0,3.7,5.8,0.637,0.637,1.6,2.3,0.691,2.2,4.9,7.1,0.4,0.7,1.0,0.9,2.2,9.0
PATRICK WILLIAMS,PF,21.0,CHI,82.0,65.0,28.3,3.8,8.3,0.464,1.4,3.4,0.415,2.4,4.9,0.498,0.549,1.1,1.3,0.857,1.0,3.0,4.0,1.2,0.9,0.9,1.2,1.8,10.2
ROBERT WILLIAMS,C,25.0,BOS,35.0,20.0,23.5,3.6,4.9,0.747,0.0,0.0,0.0,3.6,4.8,0.751,0.747,0.7,1.2,0.61,3.0,5.4,8.3,1.4,0.6,1.4,1.0,1.9,8.0
VINCE WILLIAMS JR.,SG,22.0,MEM,15.0,1.0,7.0,0.8,2.7,0.3,0.3,1.9,0.143,0.5,0.8,0.667,0.35,0.1,0.1,1.0,0.3,0.7,1.0,0.3,0.4,0.1,0.3,0.8,2.0
ZIAIRE WILLIAMS,SF,21.0,MEM,37.0,4.0,15.2,2.3,5.3,0.429,0.7,2.6,0.258,1.6,2.7,0.596,0.492,0.5,0.6,0.773,0.4,1.7,2.1,0.9,0.4,0.2,1.0,1.6,5.7
ZION WILLIAMSON,PF,22.0,NOP,29.0,29.0,33.0,9.8,16.2,0.608,0.2,0.7,0.368,9.6,15.5,0.618,0.615,6.1,8.6,0.714,2.0,5.0,7.0,4.6,1.1,0.6,3.4,2.2,26.0
DYLAN WINDLER,SF,26.0,CLE,3.0,0.0,3.3,0.7,1.0,0.667,0.3,0.7,0.5,0.3,0.3,1.0,0.833,0.0,0.0,0.0,0.0,0.0,0.0,0.3,0.3,0.0,0.3,0.0,1.7
JUSTISE WINSLOW,PF,26.0,POR,29.0,11.0,26.8,2.8,6.8,0.409,0.5,1.6,0.311,2.3,5.3,0.438,0.444,0.7,1.0,0.714,1.7,3.3,5.0,3.4,1.0,0.4,1.5,3.1,6.8
JAMES WISEMAN,C,21.0,TOT,45.0,22.0,19.3,4.2,7.5,0.558,0.1,0.4,0.2,4.1,7.1,0.58,0.563,1.5,2.2,0.701,1.6,4.3,5.9,0.7,0.2,0.6,1.1,2.4,10.0
JAMES WISEMAN,C,21.0,GSW,21.0,0.0,12.5,2.8,4.5,0.628,0.0,0.1,0.5,2.8,4.4,0.63,0.633,1.2,1.8,0.684,0.9,2.6,3.5,0.7,0.1,0.3,0.7,1.9,6.9
JAMES WISEMAN,C,21.0,DET,24.0,22.0,25.2,5.4,10.2,0.531,0.1,0.8,0.167,5.3,9.5,0.559,0.537,1.8,2.5,0.712,2.3,5.8,8.1,0.7,0.2,0.8,1.5,2.9,12.7
CHRISTIAN WOOD,C,27.0,DAL,67.0,17.0,25.9,5.9,11.5,0.515,1.6,4.2,0.376,4.3,7.3,0.594,0.583,3.2,4.2,0.772,1.3,6.0,7.3,1.8,0.4,1.1,1.8,2.5,16.6
DELON WRIGHT,PG,30.0,WAS,50.0,14.0,24.4,2.8,5.8,0.474,0.8,2.4,0.345,1.9,3.4,0.564,0.545,1.0,1.2,0.867,1.2,2.4,3.6,3.9,1.8,0.3,0.9,1.2,7.4
MCKINLEY WRIGHT IV,PG,24.0,DAL,27.0,1.0,12.4,1.7,3.6,0.469,0.3,1.0,0.321,1.4,2.6,0.529,0.515,0.5,0.7,0.684,0.3,1.4,1.7,2.1,0.3,0.2,0.7,0.9,4.2
GABE YORK,SG,29.0,IND,3.0,0.0,18.7,2.7,7.0,0.381,2.0,6.0,0.333,0.7,1.0,0.667,0.524,0.7,0.7,1.0,0.0,2.0,2.0,1.7,0.7,0.0,0.0,1.7,8.0
THADDEUS YOUNG,PF,34.0,TOR,54.0,9.0,14.7,2.0,3.7,0.545,0.1,0.6,0.176,1.9,3.0,0.622,0.561,0.3,0.5,0.692,1.3,1.8,3.1,1.4,1.0,0.1,0.8,1.6,4.4
TRAE YOUNG,PG,24.0,ATL,73.0,73.0,34.8,8.2,19.0,0.429,2.1,6.3,0.335,6.1,12.7,0.476,0.485,7.8,8.8,0.886,0.8,2.2,3.0,10.2,1.1,0.1,4.1,1.4,26.2
OMER YURTSEVEN,C,24.0,MIA,9.0,0.0,9.2,1.8,3.0,0.593,0.3,0.8,0.429,1.4,2.2,0.65,0.648,0.6,0.7,0.833,0.9,1.7,2.6,0.2,0.2,0.2,0.4,1.8,4.4
CODY ZELLER,C,30.0,MIA,15.0,2.0,14.5,2.5,3.9,0.627,0.0,0.1,0.0,2.5,3.8,0.649,0.627,1.6,2.3,0.686,1.7,2.6,4.3,0.7,0.2,0.3,0.9,2.2,6.5
IVICA ZUBAC,C,25.0,LAC,76.0,76.0,28.6,4.3,6.8,0.634,0.0,0.0,0.0,4.3,6.7,0.637,0.634,2.2,3.1,0.697,3.1,6.8,9.9,1.0,0.4,1.3,1.5,2.9,10.8
